all_valid_count,all_valid_index_hash,all_valid_truth_hash,errors,fit,legacy_count,legacy_index_hash,legacy_truth_hash,lr,method,r2_oracle_abs_error_max,r2_oracle_tolerance,ridge_all_valid_r2,ridge_legacy_r2,seed,task,verified,zero_all_valid_r2,zero_legacy_r2
14115,3fd5abf8209729768c343ade5072217e7b5127801431520141d0288cff8551f1,650583336ab1b53305cd1cfb6a72e3d67bcc08d8d9c67be8ef2615f77c1f7651,,/home/xinyuan/Work_host/SSM/results/cross_session_iteration_b/official_20261003/adapt/old/m2/m2/none/seed0/lr0,2747,7918e13f6985c6634dc8c593211891017be7f6ac72a436a453d8a67edbe9e7b3,4bd621a990736510156bb7d34830821e54d3ba440ddfe61716d65176ee0ba85e,0.0,none,1.2059257126217915e-07,2e-06,0.24389811871033285,-0.032601119471050266,0,m2,True,0.21652381462294257,-0.02685092895664809
14115,3fd5abf8209729768c343ade5072217e7b5127801431520141d0288cff8551f1,650583336ab1b53305cd1cfb6a72e3d67bcc08d8d9c67be8ef2615f77c1f7651,,/home/xinyuan/Work_host/SSM/results/cross_session_iteration_b/official_20261003/adapt/old/m2/m2/io/seed0/lr0p0003,2747,7918e13f6985c6634dc8c593211891017be7f6ac72a436a453d8a67edbe9e7b3,4bd621a990736510156bb7d34830821e54d3ba440ddfe61716d65176ee0ba85e,0.0003,io,1.5500468597551276e-07,2e-06,0.2984832636931408,-0.12458029988688812,0,m2,True,0.29670009954092813,-0.11213272719136103
14115,3fd5abf8209729768c343ade5072217e7b5127801431520141d0288cff8551f1,650583336ab1b53305cd1cfb6a72e3d67bcc08d8d9c67be8ef2615f77c1f7651,,/home/xinyuan/Work_host/SSM/results/cross_session_iteration_b/official_20261003/adapt/old/m2/m2/io/seed1/lr0p0003,2747,7918e13f6985c6634dc8c593211891017be7f6ac72a436a453d8a67edbe9e7b3,4bd621a990736510156bb7d34830821e54d3ba440ddfe61716d65176ee0ba85e,0.0003,io,2.5707498441107646e-07,2e-06,0.2981077572249955,-0.1279273650139079,1,m2,True,0.29648147047299966,-0.12106337028756986
14115,3fd5abf8209729768c343ade5072217e7b5127801431520141d0288cff8551f1,650583336ab1b53305cd1cfb6a72e3d67bcc08d8d9c67be8ef2615f77c1f7651,,/home/xinyuan/Work_host/SSM/results/cross_session_iteration_b/official_20261003/adapt/old/m2/m2/io/seed2/lr0p0003,2747,7918e13f6985c6634dc8c593211891017be7f6ac72a436a453d8a67edbe9e7b3,4bd621a990736510156bb7d34830821e54d3ba440ddfe61716d65176ee0ba85e,0.0003,io,1.6824994775177515e-07,2e-06,0.2989087998874759,-0.12519173757825586,2,m2,True,0.29603550727602657,-0.11844720377129314
14115,3fd5abf8209729768c343ade5072217e7b5127801431520141d0288cff8551f1,650583336ab1b53305cd1cfb6a72e3d67bcc08d8d9c67be8ef2615f77c1f7651,,/home/xinyuan/Work_host/SSM/results/cross_session_iteration_b/official_20261003/adapt/old/m2/m2/lora/seed0/lr0p003,2747,7918e13f6985c6634dc8c593211891017be7f6ac72a436a453d8a67edbe9e7b3,4bd621a990736510156bb7d34830821e54d3ba440ddfe61716d65176ee0ba85e,0.003,lora,2.438479573818597e-07,2e-06,0.3323142102138015,-0.15266366663441655,0,m2,True,0.325862129910921,-0.16111791676818443
14115,3fd5abf8209729768c343ade5072217e7b5127801431520141d0288cff8551f1,650583336ab1b53305cd1cfb6a72e3d67bcc08d8d9c67be8ef2615f77c1f7651,,/home/xinyuan/Work_host/SSM/results/cross_session_iteration_b/official_20261003/adapt/old/m2/m2/lora/seed1/lr0p003,2747,7918e13f6985c6634dc8c593211891017be7f6ac72a436a453d8a67edbe9e7b3,4bd621a990736510156bb7d34830821e54d3ba440ddfe61716d65176ee0ba85e,0.003,lora,1.6454304829771615e-07,2e-06,0.3499519437234686,0.019168388435276795,1,m2,True,0.346170200665493,0.023029222454174603
14115,3fd5abf8209729768c343ade5072217e7b5127801431520141d0288cff8551f1,650583336ab1b53305cd1cfb6a72e3d67bcc08d8d9c67be8ef2615f77c1f7651,,/home/xinyuan/Work_host/SSM/results/cross_session_iteration_b/official_20261003/adapt/old/m2/m2/lora/seed2/lr0p003,2747,7918e13f6985c6634dc8c593211891017be7f6ac72a436a453d8a67edbe9e7b3,4bd621a990736510156bb7d34830821e54d3ba440ddfe61716d65176ee0ba85e,0.003,lora,1.4857678198865187e-07,2e-06,0.3372151784827472,-0.04956415252117896,2,m2,True,0.329432243982852,-0.04967166973763937
14115,3fd5abf8209729768c343ade5072217e7b5127801431520141d0288cff8551f1,650583336ab1b53305cd1cfb6a72e3d67bcc08d8d9c67be8ef2615f77c1f7651,,/home/xinyuan/Work_host/SSM/results/cross_session_iteration_b/official_20261003/adapt/old/m2/m2/affine_lora/seed0/lr0p001,2747,7918e13f6985c6634dc8c593211891017be7f6ac72a436a453d8a67edbe9e7b3,4bd621a990736510156bb7d34830821e54d3ba440ddfe61716d65176ee0ba85e,0.001,affine_lora,1.9112789884090375e-07,2e-06,0.30042137366224286,-0.18257088700497404,0,m2,True,0.29259149379294735,-0.19244522960100263
14115,3fd5abf8209729768c343ade5072217e7b5127801431520141d0288cff8551f1,650583336ab1b53305cd1cfb6a72e3d67bcc08d8d9c67be8ef2615f77c1f7651,,/home/xinyuan/Work_host/SSM/results/cross_session_iteration_b/official_20261003/adapt/old/m2/m2/affine_lora/seed1/lr0p001,2747,7918e13f6985c6634dc8c593211891017be7f6ac72a436a453d8a67edbe9e7b3,4bd621a990736510156bb7d34830821e54d3ba440ddfe61716d65176ee0ba85e,0.001,affine_lora,1.3519572017450798e-07,2e-06,0.35811952876605724,0.03539960042581236,1,m2,True,0.3555722104870881,0.03729949783040287
14115,3fd5abf8209729768c343ade5072217e7b5127801431520141d0288cff8551f1,650583336ab1b53305cd1cfb6a72e3d67bcc08d8d9c67be8ef2615f77c1f7651,,/home/xinyuan/Work_host/SSM/results/cross_session_iteration_b/official_20261003/adapt/old/m2/m2/affine_lora/seed2/lr0p001,2747,7918e13f6985c6634dc8c593211891017be7f6ac72a436a453d8a67edbe9e7b3,4bd621a990736510156bb7d34830821e54d3ba440ddfe61716d65176ee0ba85e,0.001,affine_lora,1.412009502654854e-07,2e-06,0.3052594653695573,-0.13831987195961726,2,m2,True,0.2957287838052468,-0.15450606423006508
14115,3fd5abf8209729768c343ade5072217e7b5127801431520141d0288cff8551f1,650583336ab1b53305cd1cfb6a72e3d67bcc08d8d9c67be8ef2615f77c1f7651,,/home/xinyuan/Work_host/SSM/results/cross_session_iteration_b/official_20261003/adapt/old/m2/m2/offset_original/seed0/lr0p001,2747,7918e13f6985c6634dc8c593211891017be7f6ac72a436a453d8a67edbe9e7b3,4bd621a990736510156bb7d34830821e54d3ba440ddfe61716d65176ee0ba85e,0.001,offset_original,1.6652760348456752e-07,2e-06,0.26876742749033655,-0.14806477986988864,0,m2,True,0.2578230550444367,-0.15253814105154917
14115,3fd5abf8209729768c343ade5072217e7b5127801431520141d0288cff8551f1,650583336ab1b53305cd1cfb6a72e3d67bcc08d8d9c67be8ef2615f77c1f7651,,/home/xinyuan/Work_host/SSM/results/cross_session_iteration_b/official_20261003/adapt/old/m2/m2/offset_original/seed1/lr0p001,2747,7918e13f6985c6634dc8c593211891017be7f6ac72a436a453d8a67edbe9e7b3,4bd621a990736510156bb7d34830821e54d3ba440ddfe61716d65176ee0ba85e,0.001,offset_original,1.913864631220008e-07,2e-06,0.26567064824480824,-0.20856175259739484,1,m2,True,0.2589876577250606,-0.20578236645055004
14115,3fd5abf8209729768c343ade5072217e7b5127801431520141d0288cff8551f1,650583336ab1b53305cd1cfb6a72e3d67bcc08d8d9c67be8ef2615f77c1f7651,,/home/xinyuan/Work_host/SSM/results/cross_session_iteration_b/official_20261003/adapt/old/m2/m2/offset_original/seed2/lr0p001,2747,7918e13f6985c6634dc8c593211891017be7f6ac72a436a453d8a67edbe9e7b3,4bd621a990736510156bb7d34830821e54d3ba440ddfe61716d65176ee0ba85e,0.001,offset_original,3.1718420001602965e-07,2e-06,0.27165767933420204,-0.1917833334865402,2,m2,True,0.28130529656499315,-0.1561861825864217
