best_prefix_val_r2,best_step,completed,completed_steps,convergence_satisfied,errors,extensions,fit,fit_seconds,lr,method,peak_cuda_allocated_mb,seed,selection_admissible,source_checkpoint_sha256,source_normalizer_sha256,target_data_sha256,task,verified
0.6685557961463928,0,True,0,True,,[],/home/xinyuan/Work_host/SSM/results/cross_session_iteration_b/official_20261003/adapt/small/m1/m1/none/seed0/lr0,4.91720161261037,0.0,none,566.8642578125,0,True,67bdc3cd99b98174d2c559fd1c5fa6fdd2655bbee2d810719c3e664d847998c1,47b8adcfe4ff7575171d909ada80362c79fdbe0f4ccc80cf2ce83ee3e37a4476,96e7f078c6acb89b802b6241a36b9c9e2d04df82c180a63354fd3f7e74357254,m1,True
0.7390782833099365,100,True,2000,True,,[],/home/xinyuan/Work_host/SSM/results/cross_session_iteration_b/official_20261003/adapt/small/m1/m1/io/seed0/lr0p0003,116.84380801208317,0.0003,io,566.8642578125,0,True,67bdc3cd99b98174d2c559fd1c5fa6fdd2655bbee2d810719c3e664d847998c1,47b8adcfe4ff7575171d909ada80362c79fdbe0f4ccc80cf2ce83ee3e37a4476,96e7f078c6acb89b802b6241a36b9c9e2d04df82c180a63354fd3f7e74357254,m1,True
0.740983247756958,100,True,2000,True,,[],/home/xinyuan/Work_host/SSM/results/cross_session_iteration_b/official_20261003/adapt/small/m1/m1/io/seed1/lr0p0003,38.545940497890115,0.0003,io,566.8642578125,1,True,67bdc3cd99b98174d2c559fd1c5fa6fdd2655bbee2d810719c3e664d847998c1,47b8adcfe4ff7575171d909ada80362c79fdbe0f4ccc80cf2ce83ee3e37a4476,96e7f078c6acb89b802b6241a36b9c9e2d04df82c180a63354fd3f7e74357254,m1,True
0.7419289350509644,100,True,2000,True,,[],/home/xinyuan/Work_host/SSM/results/cross_session_iteration_b/official_20261003/adapt/small/m1/m1/io/seed2/lr0p0003,38.643892959691584,0.0003,io,566.8642578125,2,True,67bdc3cd99b98174d2c559fd1c5fa6fdd2655bbee2d810719c3e664d847998c1,47b8adcfe4ff7575171d909ada80362c79fdbe0f4ccc80cf2ce83ee3e37a4476,96e7f078c6acb89b802b6241a36b9c9e2d04df82c180a63354fd3f7e74357254,m1,True
0.7365545034408569,100,True,2000,True,,[],/home/xinyuan/Work_host/SSM/results/cross_session_iteration_b/official_20261003/adapt/small/m1/m1/lora/seed0/lr0p0003,40.035405511036515,0.0003,lora,566.9169921875,0,True,67bdc3cd99b98174d2c559fd1c5fa6fdd2655bbee2d810719c3e664d847998c1,47b8adcfe4ff7575171d909ada80362c79fdbe0f4ccc80cf2ce83ee3e37a4476,96e7f078c6acb89b802b6241a36b9c9e2d04df82c180a63354fd3f7e74357254,m1,True
0.7414408922195435,100,True,2000,True,,[],/home/xinyuan/Work_host/SSM/results/cross_session_iteration_b/official_20261003/adapt/small/m1/m1/lora/seed1/lr0p0003,41.10655766585842,0.0003,lora,566.9169921875,1,True,67bdc3cd99b98174d2c559fd1c5fa6fdd2655bbee2d810719c3e664d847998c1,47b8adcfe4ff7575171d909ada80362c79fdbe0f4ccc80cf2ce83ee3e37a4476,96e7f078c6acb89b802b6241a36b9c9e2d04df82c180a63354fd3f7e74357254,m1,True
0.7389379739761353,100,True,2000,True,,[],/home/xinyuan/Work_host/SSM/results/cross_session_iteration_b/official_20261003/adapt/small/m1/m1/lora/seed2/lr0p0003,40.093096398282796,0.0003,lora,566.9169921875,2,True,67bdc3cd99b98174d2c559fd1c5fa6fdd2655bbee2d810719c3e664d847998c1,47b8adcfe4ff7575171d909ada80362c79fdbe0f4ccc80cf2ce83ee3e37a4476,96e7f078c6acb89b802b6241a36b9c9e2d04df82c180a63354fd3f7e74357254,m1,True
0.7368232011795044,100,True,2000,True,,[],/home/xinyuan/Work_host/SSM/results/cross_session_iteration_b/official_20261003/adapt/small/m1/m1/affine_lora/seed0/lr0p0003,39.91008774470538,0.0003,affine_lora,574.91796875,0,True,67bdc3cd99b98174d2c559fd1c5fa6fdd2655bbee2d810719c3e664d847998c1,47b8adcfe4ff7575171d909ada80362c79fdbe0f4ccc80cf2ce83ee3e37a4476,96e7f078c6acb89b802b6241a36b9c9e2d04df82c180a63354fd3f7e74357254,m1,True
0.7416637539863586,100,True,2000,True,,[],/home/xinyuan/Work_host/SSM/results/cross_session_iteration_b/official_20261003/adapt/small/m1/m1/affine_lora/seed1/lr0p0003,40.444167559966445,0.0003,affine_lora,574.91796875,1,True,67bdc3cd99b98174d2c559fd1c5fa6fdd2655bbee2d810719c3e664d847998c1,47b8adcfe4ff7575171d909ada80362c79fdbe0f4ccc80cf2ce83ee3e37a4476,96e7f078c6acb89b802b6241a36b9c9e2d04df82c180a63354fd3f7e74357254,m1,True
0.739165186882019,100,True,2000,True,,[],/home/xinyuan/Work_host/SSM/results/cross_session_iteration_b/official_20261003/adapt/small/m1/m1/affine_lora/seed2/lr0p0003,40.29514347715303,0.0003,affine_lora,574.91796875,2,True,67bdc3cd99b98174d2c559fd1c5fa6fdd2655bbee2d810719c3e664d847998c1,47b8adcfe4ff7575171d909ada80362c79fdbe0f4ccc80cf2ce83ee3e37a4476,96e7f078c6acb89b802b6241a36b9c9e2d04df82c180a63354fd3f7e74357254,m1,True
0.7502416372299194,500,True,2000,True,,[],/home/xinyuan/Work_host/SSM/results/cross_session_iteration_b/official_20261003/adapt/small/m1/m1/offset_original/seed0/lr0p001,39.784410131163895,0.001,offset_original,574.8740234375,0,True,67bdc3cd99b98174d2c559fd1c5fa6fdd2655bbee2d810719c3e664d847998c1,47b8adcfe4ff7575171d909ada80362c79fdbe0f4ccc80cf2ce83ee3e37a4476,96e7f078c6acb89b802b6241a36b9c9e2d04df82c180a63354fd3f7e74357254,m1,True
0.7505887746810913,500,True,2000,True,,[],/home/xinyuan/Work_host/SSM/results/cross_session_iteration_b/official_20261003/adapt/small/m1/m1/offset_original/seed1/lr0p001,39.7818563003093,0.001,offset_original,574.8740234375,1,True,67bdc3cd99b98174d2c559fd1c5fa6fdd2655bbee2d810719c3e664d847998c1,47b8adcfe4ff7575171d909ada80362c79fdbe0f4ccc80cf2ce83ee3e37a4476,96e7f078c6acb89b802b6241a36b9c9e2d04df82c180a63354fd3f7e74357254,m1,True
0.7512674331665039,500,True,2000,True,,[],/home/xinyuan/Work_host/SSM/results/cross_session_iteration_b/official_20261003/adapt/small/m1/m1/offset_original/seed2/lr0p001,39.758470236789435,0.001,offset_original,574.8740234375,2,True,67bdc3cd99b98174d2c559fd1c5fa6fdd2655bbee2d810719c3e664d847998c1,47b8adcfe4ff7575171d909ada80362c79fdbe0f4ccc80cf2ce83ee3e37a4476,96e7f078c6acb89b802b6241a36b9c9e2d04df82c180a63354fd3f7e74357254,m1,True
