bin_fraction_mean,bin_fraction_population_sd,calibration,group,method,n_seeds,prediction_truth_variance_ratio_mean,prediction_truth_variance_ratio_population_sd,profile,r2_mean,r2_population_sd,split,sse_fraction_mean,sse_fraction_population_sd,sst_fraction_mean,sst_fraction_population_sd,task
0.25000494159040143,0.0,zero,Q1,none,1,0.9269542716131175,0.0,cross_session_iteration_a,0.6975393198677076,0.0,query_quartile,0.22757387902957182,0.0,0.245835786123224,0.0,m1
0.25000494159040143,0.0,zero,Q2,none,1,0.8516431923241438,0.0,cross_session_iteration_a,0.6426845530020222,0.0,query_quartile,0.2736064545581012,0.0,0.2501516857135609,0.0,m1
0.25000494159040143,0.0,zero,Q3,none,1,0.8194912723411342,0.0,cross_session_iteration_a,0.6714386234200194,0.0,query_quartile,0.2524123816784801,0.0,0.2508980605037958,0.0,m1
0.24998517522879563,0.0,zero,Q4,none,1,0.860975797203888,0.0,cross_session_iteration_a,0.6816141658339421,0.0,query_quartile,0.24640728473384713,0.0,0.2531144676594194,0.0,m1
0.07511217410211303,0.0,zero,"[0,10)",none,1,0.27109610117404953,0.0,cross_session_iteration_a,-0.04478623527419878,0.0,trial_position,0.015910697298373085,0.0,0.0236832442910817,0.0,m1
0.11266826115316954,0.0,zero,"[10,25)",none,1,0.311222481429231,0.0,cross_session_iteration_a,0.02768440930383298,0.0,trial_position,0.020867311554290086,0.0,0.036536049092856585,0.0,m1
0.18778043525528257,0.0,zero,"[25,50)",none,1,0.3106263108541965,0.0,cross_session_iteration_a,0.12232575453895689,0.0,trial_position,0.03461943399978976,0.0,0.06181024434827429,0.0,m1
0.5796090213674369,0.0,zero,"[50,128)",none,1,0.8565989514907336,0.0,cross_session_iteration_a,0.630677336017313,0.0,trial_position,0.884541101296076,0.0,0.8420067422274752,0.0,m1
0.04483010812199798,0.0,zero,"[128,1000000000)",none,1,0.5180188507093161,0.0,cross_session_iteration_a,0.5270917065887094,0.0,trial_position,0.044061455851471726,0.0,0.03596372004031278,0.0,m1
0.25000494159040143,0.0,ridge,Q1,none,1,0.701739385828535,0.0,cross_session_iteration_a,0.7082381116560711,0.0,query_quartile,0.2189676067754038,0.0,0.245835786123224,0.0,m1
0.25000494159040143,0.0,ridge,Q2,none,1,0.648531227974661,0.0,cross_session_iteration_a,0.6394693723459703,0.0,query_quartile,0.27536867472065524,0.0,0.2501516857135609,0.0,m1
0.25000494159040143,0.0,ridge,Q3,none,1,0.6271965752382284,0.0,cross_session_iteration_a,0.6665166187518047,0.0,query_quartile,0.2555442799943389,0.0,0.2508980605037958,0.0,m1
0.24998517522879563,0.0,ridge,Q4,none,1,0.6698911705507274,0.0,cross_session_iteration_a,0.6759964148485456,0.0,query_quartile,0.2501194385096022,0.0,0.2531144676594194,0.0,m1
0.07511217410211303,0.0,ridge,"[0,10)",none,1,0.22916652972685755,0.0,cross_session_iteration_a,-0.015805767803219517,0.0,trial_position,0.01543015427627393,0.0,0.0236832442910817,0.0,m1
0.11266826115316954,0.0,ridge,"[10,25)",none,1,0.2679424065464887,0.0,cross_session_iteration_a,0.05189587726519773,0.0,trial_position,0.02029612404568598,0.0,0.036536049092856585,0.0,m1
0.18778043525528257,0.0,ridge,"[25,50)",none,1,0.2769237996651039,0.0,cross_session_iteration_a,0.12836522453440613,0.0,trial_position,0.03429406608017107,0.0,0.06181024434827429,0.0,m1
0.5796090213674369,0.0,ridge,"[50,128)",none,1,0.647804984397731,0.0,cross_session_iteration_a,0.6284220629832639,0.0,trial_position,0.8876868782931273,0.0,0.8420067422274752,0.0,m1
0.04483010812199798,0.0,ridge,"[128,1000000000)",none,1,0.6312327461659064,0.0,cross_session_iteration_a,0.5449213402826742,0.0,trial_position,0.042292777304741964,0.0,0.03596372004031278,0.0,m1
0.25000494159040143,0.0,zero,Q1,io,3,0.7680386032009928,0.002624375169148528,cross_session_iteration_a,0.7161909370800968,0.0006546746796101103,query_quartile,0.20384707276752115,0.0005709964738844095,0.245835786123224,0.0,m1
0.25000494159040143,0.0,zero,Q2,io,3,0.6884885182374286,0.004193566452284479,cross_session_iteration_a,0.6116669088397372,0.0011576165929545663,query_quartile,0.2838592054648999,0.0008129980584278086,0.2501516857135609,0.0,m1
0.25000494159040143,0.0,zero,Q3,io,3,0.6503929632214581,0.002410813274120433,cross_session_iteration_a,0.6533040853235388,0.0005766489791126059,query_quartile,0.2542534639644572,0.00035634199606883113,0.2508980605037958,0.0,m1
0.24998517522879563,0.0,zero,Q4,io,3,0.6891386133102553,0.005207212836247649,cross_session_iteration_a,0.6507279886338745,0.0008057063799110982,query_quartile,0.25804025780312184,0.0005099500027613046,0.2531144676594194,0.0,m1
0.07511217410211303,0.0,zero,"[0,10)",io,3,0.24210280217207802,0.0027571029826083436,cross_session_iteration_a,-0.05116167303242506,0.01888695968352607,trial_position,0.015281106076747875,0.0002732390669707133,0.023683244291081696,3.469446951953614e-18,m1
0.11266826115316954,0.0,zero,"[10,25)",io,3,0.3004880275146901,0.002423440579994097,cross_session_iteration_a,-0.031473288934482126,0.022963322854295226,trial_position,0.021131974066243574,0.0004675454145680684,0.036536049092856585,0.0,m1
0.18778043525528257,0.0,zero,"[25,50)",io,3,0.30232129701772964,0.0027374086437827066,cross_session_iteration_a,0.02895891496399076,0.020823283604253572,trial_position,0.0365634401249935,0.000778864810169858,0.06181024434827429,0.0,m1
0.5796090213674369,0.0,zero,"[50,128)",io,3,0.7002058031942652,0.003059433585947998,cross_session_iteration_a,0.6141415469480713,0.0003750570982050973,trial_position,0.8821944874627624,0.0010095033023238367,0.8420067422274752,0.0,m1
0.04483010812199798,0.0,zero,"[128,1000000000)",io,3,0.5323581098884265,0.015189927218347428,cross_session_iteration_a,0.49597314973703854,0.0072001629956661255,trial_position,0.04482899226925282,0.0006344885977809503,0.03596372004031278,0.0,m1
0.25000494159040143,0.0,ridge,Q1,io,3,0.7305763578110293,0.002263347593774183,cross_session_iteration_a,0.7151134497757384,0.0006270592683231727,query_quartile,0.20782149725053892,0.00036296460091101145,0.245835786123224,0.0,m1
0.25000494159040143,0.0,ridge,Q2,io,3,0.6477327854677908,0.002160736923930474,cross_session_iteration_a,0.6230496520212764,0.001953602104916667,query_quartile,0.2798457553877154,0.0003924040270739466,0.2501516857135609,0.0,m1
0.25000494159040143,0.0,ridge,Q3,io,3,0.6175688086225918,0.0015983901346369362,cross_session_iteration_a,0.6541074055615245,0.0011794701533035677,query_quartile,0.25763140451967514,0.0003870637563194977,0.2508980605037958,0.0,m1
0.24998517522879563,0.0,ridge,Q4,io,3,0.6537067887748296,0.0027825980817687015,cross_session_iteration_a,0.6605543181788124,0.0015316808460661383,query_quartile,0.2547013428420704,0.0001974534984382221,0.2531144676594194,0.0,m1
0.07511217410211303,0.0,ridge,"[0,10)",io,3,0.2507524423941038,0.0010552189304536884,cross_session_iteration_a,0.0013886104041606433,0.0015598027592023784,trial_position,0.014744366397114003,5.42107323233069e-05,0.023683244291081696,3.469446951953614e-18,m1
0.11266826115316954,0.0,ridge,"[10,25)",io,3,0.3107414881385547,0.0010682696006836126,cross_session_iteration_a,0.050183847874054166,0.0022790481000424527,trial_position,0.019763593784094285,7.283317771579786e-05,0.036536049092856585,0.0,m1
0.18778043525528257,0.0,ridge,"[25,50)",io,3,0.3156145281482515,0.001264512664685151,cross_session_iteration_a,0.11024914853002314,0.0017056048565642025,trial_position,0.03402685363875193,0.00010701999812942286,0.06181024434827429,0.0,m1
0.5796090213674369,0.0,ridge,"[50,128)",io,3,0.6595971613488566,0.0015358840283312494,cross_session_iteration_a,0.6179292862928043,0.0014882172526711488,trial_position,0.8871926665708885,5.495289791034272e-05,0.8420067422274752,0.0,m1
0.04483010812199798,0.0,ridge,"[128,1000000000)",io,3,0.5365748800701783,0.004533652410600405,cross_session_iteration_a,0.509887254969255,0.0037398857765246663,trial_position,0.04427251960915102,0.0001786058430444112,0.03596372004031278,0.0,m1
0.25000494159040143,0.0,zero,Q1,lora,3,0.7828167563953757,0.00772154156793118,cross_session_iteration_a,0.7095157687841059,0.004227310087503985,query_quartile,0.20443839404772832,0.0010902344947838092,0.245835786123224,0.0,m1
0.25000494159040143,0.0,zero,Q2,lora,3,0.6908493580588667,0.006688390307940773,cross_session_iteration_a,0.5998355905430494,0.006989796287409685,query_quartile,0.2865982024701928,0.00022325163956158535,0.2501516857135609,0.0,m1
0.25000494159040143,0.0,zero,Q3,lora,3,0.6597783460535257,0.006203500938183883,cross_session_iteration_a,0.6458015513212564,0.006487269434853882,query_quartile,0.2545048844428988,0.000640233293055318,0.2508980605037958,0.0,m1
0.24998517522879563,0.0,zero,Q4,lora,3,0.6962236503544917,0.00836365893764079,cross_session_iteration_a,0.648479745589213,0.005866371874398987,query_quartile,0.25445851903918,0.000431200829912182,0.2531144676594194,0.0,m1
0.07511217410211303,0.0,zero,"[0,10)",lora,3,0.18277211309125152,0.000618465031589953,cross_session_iteration_a,-0.010666209372417912,0.012826360547626816,trial_position,0.014399874185075781,0.00030730848474317947,0.023683244291081696,3.469446951953614e-18,m1
0.11266826115316954,0.0,zero,"[10,25)",lora,3,0.2718466245345706,0.009025417703192363,cross_session_iteration_a,0.006073867250153168,0.023576590862173084,trial_position,0.01995181766928727,0.0003423009375331722,0.036536049092856585,0.0,m1
0.18778043525528257,0.0,zero,"[25,50)",lora,3,0.2755936798083935,0.00952628130139628,cross_session_iteration_a,0.06159253663755504,0.021819816638997545,trial_position,0.03462037333790698,0.0004896813012112546,0.06181024434827429,0.0,m1
0.5796090213674369,0.0,zero,"[50,128)",lora,3,0.712615015163192,0.0076165877922145,cross_session_iteration_a,0.6030636985472062,0.006666219454750516,trial_position,0.8891974144126223,0.00023333400012534285,0.8420067422274752,0.0,m1
0.04483010812199798,0.0,zero,"[128,1000000000)",lora,3,0.6102109948983485,0.004761871417951132,cross_session_iteration_a,0.5199763953734251,0.012869208235639444,trial_position,0.04183052039510754,0.0008069450468931737,0.03596372004031278,0.0,m1
0.25000494159040143,0.0,ridge,Q1,lora,3,0.7361899421103812,0.003688355451821739,cross_session_iteration_a,0.7113032505131732,0.0032247413168479218,query_quartile,0.20650098113316276,0.0010203735878354407,0.245835786123224,0.0,m1
0.25000494159040143,0.0,ridge,Q2,lora,3,0.6471012021816785,0.0015796119728235182,cross_session_iteration_a,0.6112476531073198,0.006167977687147359,query_quartile,0.2829713311745206,0.0005424161247071204,0.2501516857135609,0.0,m1
0.25000494159040143,0.0,ridge,Q3,lora,3,0.621950819782095,0.0024542587692363295,cross_session_iteration_a,0.6473858572670165,0.005628283111869323,query_quartile,0.2575072793177146,0.0007943237686961489,0.2508980605037958,0.0,m1
0.24998517522879563,0.0,ridge,Q4,lora,3,0.6525745160827949,0.0026981411266516118,cross_session_iteration_a,0.6560923102866797,0.004376541117941383,query_quartile,0.2530204083746022,0.0003165313388417043,0.2531144676594194,0.0,m1
0.07511217410211303,0.0,ridge,"[0,10)",lora,3,0.18708132133967967,0.0030186862598909534,cross_session_iteration_a,0.02915754921141922,0.004741111528066383,trial_position,0.01405815737758062,0.000260300827273265,0.023683244291081696,3.469446951953614e-18,m1
0.11266826115316954,0.0,ridge,"[10,25)",lora,3,0.27792463238169046,0.008450014759335028,cross_session_iteration_a,0.07380231802402053,0.0028633970467534233,trial_position,0.01889888012479263,0.0002088279663638111,0.036536049092856585,0.0,m1
0.18778043525528257,0.0,ridge,"[25,50)",lora,3,0.28209115447953814,0.009385924674501086,cross_session_iteration_a,0.12575263757314228,0.005449508136410055,trial_position,0.03278650779578441,0.0004092680073769285,0.06181024434827429,0.0,m1
0.5796090213674369,0.0,ridge,"[50,128)",lora,3,0.6651230878617166,0.003059775960714985,cross_session_iteration_a,0.6081047838231503,0.0058223700453416075,trial_position,0.8922433813187279,0.0013072308137163952,0.8420067422274752,0.0,m1
0.04483010812199798,0.0,ridge,"[128,1000000000)",lora,3,0.5904014879831596,0.008320330272111704,cross_session_iteration_a,0.5256410096937078,0.012498827834547708,trial_position,0.04201307338311434,0.0008993765607793414,0.03596372004031278,0.0,m1
0.25000494159040143,0.0,zero,Q1,affine,3,0.7116951795540029,0.003702948941678665,cross_session_iteration_a,0.6934662889834243,0.0027834829691733088,query_quartile,0.19581229785657084,0.00233473299547723,0.245835786123224,0.0,m1
0.25000494159040143,0.0,zero,Q2,affine,3,0.6547789254334554,0.006709954936408504,cross_session_iteration_a,0.5653052250785933,0.009525663089156273,query_quartile,0.28252103635642717,0.00034074151221914284,0.2501516857135609,0.0,m1
0.25000494159040143,0.0,zero,Q3,affine,3,0.6037101294879453,0.007429171079382979,cross_session_iteration_a,0.5975988994191205,0.00939812732528765,query_quartile,0.26238073502839937,0.0006885626164451983,0.2508980605037958,0.0,m1
0.24998517522879563,0.0,zero,Q4,affine,3,0.6412804078680198,0.008212441845782811,cross_session_iteration_a,0.6052393890894561,0.010665621119140422,query_quartile,0.25928593075860235,0.0015328390389661786,0.2531144676594194,0.0,m1
0.07511217410211303,0.0,zero,"[0,10)",affine,3,0.17318742756451053,0.000972561998571983,cross_session_iteration_a,-0.13328687451944168,0.018691561114141244,trial_position,0.01465999840523125,0.0005378230451004497,0.023683244291081696,3.469446951953614e-18,m1
0.11266826115316954,0.0,zero,"[10,25)",affine,3,0.24869587900043078,0.002518626662367747,cross_session_iteration_a,0.022099345797022774,0.01481857730467938,trial_position,0.017826908383546277,0.0006324231612329311,0.036536049092856585,0.0,m1
0.18778043525528257,0.0,zero,"[25,50)",affine,3,0.2814473033349734,0.00236834431028857,cross_session_iteration_a,0.10498682884388333,0.009863240222320225,trial_position,0.029984616833657732,0.0009350530863014875,0.06181024434827429,0.0,m1
0.5796090213674369,0.0,zero,"[50,128)",affine,3,0.6594364224085406,0.007692080320186416,cross_session_iteration_a,0.5603043284666923,0.010508166026686602,trial_position,0.8937946550942967,0.002498894581236513,0.8420067422274752,0.0,m1
0.04483010812199798,0.0,zero,"[128,1000000000)",affine,3,0.4683085155883861,0.006894982640614096,cross_session_iteration_a,0.44709472308209613,0.007379378385280426,trial_position,0.043733821283268005,0.0004989422647429301,0.03596372004031278,0.0,m1
0.25000494159040143,0.0,ridge,Q1,affine,3,0.6891032751354763,0.0035462830445115432,cross_session_iteration_a,0.6900246964636043,0.002178794795143208,query_quartile,0.19905417033707493,0.002325210243089385,0.245835786123224,0.0,m1
0.25000494159040143,0.0,ridge,Q2,affine,3,0.6221526217733686,0.009243760024961255,cross_session_iteration_a,0.571909030666008,0.007951614098064922,query_quartile,0.27970980543202467,0.0001396828286912079,0.2501516857135609,0.0,m1
0.25000494159040143,0.0,ridge,Q3,affine,3,0.5742490625554902,0.010104013445222847,cross_session_iteration_a,0.596018909871578,0.009173689069583114,query_quartile,0.26480055025068305,0.0011039306201574282,0.2508980605037958,0.0,m1
0.24998517522879563,0.0,ridge,Q4,affine,3,0.6245747665659901,0.011628319775322244,cross_session_iteration_a,0.6116516429753435,0.009167321124692335,query_quartile,0.25643547398021727,0.0012978985578307762,0.2531144676594194,0.0,m1
0.07511217410211303,0.0,ridge,"[0,10)",affine,3,0.16815281533021795,0.002854912368997855,cross_session_iteration_a,-0.07125409065404176,0.009039777632085145,trial_position,0.013927285213394251,0.0003720525981059303,0.023683244291081696,3.469446951953614e-18,m1
0.11266826115316954,0.0,ridge,"[10,25)",affine,3,0.24078220786841267,0.0018112446072680254,cross_session_iteration_a,0.07302402717727001,0.007411103419476522,trial_position,0.016983900889654045,0.0004479120904495695,0.036536049092856585,0.0,m1
0.18778043525528257,0.0,ridge,"[25,50)",affine,3,0.2732483049172447,0.0017790370717433858,cross_session_iteration_a,0.14833108444293516,0.004042459499304844,trial_position,0.02867741631444475,0.000660479877600556,0.06181024434827429,0.0,m1
0.5796090213674369,0.0,ridge,"[50,128)",affine,3,0.6317165218971996,0.009118020789675845,cross_session_iteration_a,0.5599619426291965,0.009080865309022003,trial_position,0.899254567645349,0.0018002289315126386,0.8420067422274752,0.0,m1
0.04483010812199798,0.0,ridge,"[128,1000000000)",affine,3,0.5954603591931026,0.007780153813134152,cross_session_iteration_a,0.4823930227288505,0.005671224504774848,trial_position,0.041156829937158114,0.00033237895108085885,0.03596372004031278,0.0,m1
0.25000494159040143,0.0,zero,Q1,affine_lora,3,0.7798109574221651,0.0075269759321790995,cross_session_iteration_a,0.7080473835848711,0.0042407603146520055,query_quartile,0.20409460299772456,0.0012066076405891153,0.245835786123224,0.0,m1
0.25000494159040143,0.0,zero,Q2,affine_lora,3,0.6853589915568544,0.0074534329733566065,cross_session_iteration_a,0.5972295120520217,0.007371199088589559,query_quartile,0.28652590515042076,0.00021727329004130074,0.2501516857135609,0.0,m1
0.25000494159040143,0.0,zero,Q3,affine_lora,3,0.654002193337539,0.0069699986399035215,cross_session_iteration_a,0.6432981394653388,0.006993295738389472,query_quartile,0.25457888334694506,0.000717930769178954,0.2508980605037958,0.0,m1
0.24998517522879563,0.0,zero,Q4,affine_lora,3,0.6919421485473046,0.00893153898304174,cross_session_iteration_a,0.645622120489375,0.0064180258619995255,query_quartile,0.2548006085049099,0.0004902278571661754,0.2531144676594194,0.0,m1
0.07511217410211303,0.0,zero,"[0,10)",affine_lora,3,0.1825150742381795,0.0005858622520641204,cross_session_iteration_a,-0.00962876076184068,0.012076620493041814,trial_position,0.014288632223955969,0.0002992795408347345,0.023683244291081696,3.469446951953614e-18,m1
0.11266826115316954,0.0,zero,"[10,25)",affine_lora,3,0.2731417350529677,0.009012386706107477,cross_session_iteration_a,0.01579065494266692,0.01992632423165359,trial_position,0.01962455060290033,0.0002578096298975232,0.036536049092856585,0.0,m1
0.18778043525528257,0.0,zero,"[25,50)",affine_lora,3,0.2807207331927321,0.009766467847441035,cross_session_iteration_a,0.06201506380090571,0.021189939358584247,trial_position,0.034372636217317565,0.00044375931699836837,0.06181024434827429,0.0,m1
0.5796090213674369,0.0,zero,"[50,128)",affine_lora,3,0.7081640672596206,0.008171043802458193,cross_session_iteration_a,0.6002043022106679,0.007126093952248051,trial_position,0.8895810150551786,0.00019510325136195555,0.8420067422274752,0.0,m1
0.04483010812199798,0.0,zero,"[128,1000000000)",affine_lora,3,0.6055261051588557,0.005962674896400746,cross_session_iteration_a,0.5132380735072742,0.013284383501153053,trial_position,0.04213316590064775,0.0008381591051712541,0.03596372004031278,0.0,m1
0.25000494159040143,0.0,ridge,Q1,affine_lora,3,0.7335301160625353,0.0036468160324886665,cross_session_iteration_a,0.7098349250134061,0.0032110159570872218,query_quartile,0.20604543001371553,0.0011678739176532319,0.245835786123224,0.0,m1
0.25000494159040143,0.0,ridge,Q2,affine_lora,3,0.641972087417718,0.0025295131943463807,cross_session_iteration_a,0.6082478104085739,0.006545935678127411,query_quartile,0.28308076947269417,0.0005344766522536582,0.2501516857135609,0.0,m1
0.25000494159040143,0.0,ridge,Q3,affine_lora,3,0.6163466588971888,0.0031618783492866932,cross_session_iteration_a,0.644600897746863,0.006135592830674332,query_quartile,0.25765155550934066,0.0008852903590158086,0.2508980605037958,0.0,m1
0.24998517522879563,0.0,ridge,Q4,affine_lora,3,0.6485483832581398,0.003349215574869738,cross_session_iteration_a,0.6532949309049699,0.004851732119651421,query_quartile,0.25322224500424967,0.00023895868503577482,0.2531144676594194,0.0,m1
0.07511217410211303,0.0,ridge,"[0,10)",affine_lora,3,0.1864672586137687,0.0033993294793498007,cross_session_iteration_a,0.02910673015149549,0.004330296863949769,trial_position,0.013956959407579713,0.0002639962767368522,0.023683244291081696,3.469446951953614e-18,m1
0.11266826115316954,0.0,ridge,"[10,25)",affine_lora,3,0.2785520072592151,0.008087680122325826,cross_session_iteration_a,0.0822659595978064,0.003603022420625369,trial_position,0.01859075530894207,0.0002523289372505298,0.036536049092856585,0.0,m1
0.18778043525528257,0.0,ridge,"[25,50)",affine_lora,3,0.28621051545543147,0.009095980433994346,cross_session_iteration_a,0.12776526380243666,0.005204882602618247,trial_position,0.03247438313067194,0.0004638865216908584,0.06181024434827429,0.0,m1
0.5796090213674369,0.0,ridge,"[50,128)",affine_lora,3,0.6613179683561857,0.00365043356683282,cross_session_iteration_a,0.6050189292834388,0.006276443458756537,trial_position,0.8927264312599092,0.0014590364174294577,0.8420067422274752,0.0,m1
0.04483010812199798,0.0,ridge,"[128,1000000000)",affine_lora,3,0.5861440349995556,0.008581506963538993,cross_session_iteration_a,0.519460603306565,0.012901070491339758,trial_position,0.04225147089289727,0.0009322583694904445,0.03596372004031278,0.0,m1
0.25000494159040143,0.0,zero,Q1,offset_rotated,3,0.7483488830855025,0.006637414839558921,cross_session_iteration_a,0.718282891686597,0.001104509821379895,query_quartile,0.19430374886868199,0.00023912137008365647,0.245835786123224,0.0,m1
0.25000494159040143,0.0,zero,Q2,offset_rotated,3,0.6641202039593299,0.007956081546324772,cross_session_iteration_a,0.5918329832677814,0.001429842073315557,query_quartile,0.28650214246045747,0.0004793090903844191,0.2501516857135609,0.0,m1
0.25000494159040143,0.0,zero,Q3,offset_rotated,3,0.6089122469920122,0.006730327709824966,cross_session_iteration_a,0.6343566116163754,0.0030514788412662804,query_quartile,0.2574882234020582,0.0009872907515739158,0.2508980605037958,0.0,m1
0.24998517522879563,0.0,zero,Q4,offset_rotated,3,0.6506066309154946,0.006843461575562997,cross_session_iteration_a,0.6311060924565736,0.002084288419352696,query_quartile,0.2617058852688021,0.000717795750931766,0.2531144676594194,0.0,m1
0.07511217410211303,0.0,zero,"[0,10)",offset_rotated,3,0.24912188893867307,0.006587452471394883,cross_session_iteration_a,-0.11211030026444598,0.010281350477752657,trial_position,0.015524931757243447,0.00015328746863633286,0.023683244291081696,3.469446951953614e-18,m1
0.11266826115316954,0.0,zero,"[10,25)",offset_rotated,3,0.2959700362719014,0.006774513055660967,cross_session_iteration_a,-0.01606540606757345,0.013441115160625216,trial_position,0.019989552497311294,0.00028044968327513634,0.036536049092856585,0.0,m1
0.18778043525528257,0.0,zero,"[25,50)",offset_rotated,3,0.3132301671612637,0.005858588642736671,cross_session_iteration_a,0.04415350302427604,0.011861934560736148,trial_position,0.0345619517115274,0.00046642039168351196,0.06181024434827429,0.0,m1
0.5796090213674369,0.0,zero,"[50,128)",offset_rotated,3,0.6667994990195277,0.006673257574148072,cross_session_iteration_a,0.5975890206993498,0.0018868830539446263,trial_position,0.8834759735346066,0.0007702902366553161,0.8420067422274752,0.0,m1
0.04483010812199798,0.0,zero,"[128,1000000000)",offset_rotated,3,0.4631072995581438,0.011378113817982028,cross_session_iteration_a,0.456117857392999,0.011644993702599747,trial_position,0.04644759049931091,0.0007644900270408358,0.03596372004031278,0.0,m1
0.25000494159040143,0.0,ridge,Q1,offset_rotated,3,0.707678650536999,0.003274454657490735,cross_session_iteration_a,0.7119701825124567,0.0007929618185372572,query_quartile,0.2011476776901785,0.0002742364271776997,0.245835786123224,0.0,m1
0.25000494159040143,0.0,ridge,Q2,offset_rotated,3,0.6217126475358068,0.005151845725384009,cross_session_iteration_a,0.6028011437495143,0.0004532933041320708,query_quartile,0.28229825072624276,0.00047126185747770586,0.2501516857135609,0.0,m1
0.25000494159040143,0.0,ridge,Q3,offset_rotated,3,0.5748607309896028,0.004098278038837159,cross_session_iteration_a,0.636378087709296,0.0014427908692656462,query_quartile,0.2592788237307256,0.0005409446895776878,0.2508980605037958,0.0,m1
0.24998517522879563,0.0,ridge,Q4,offset_rotated,3,0.6138126016116178,0.00441851602955231,cross_session_iteration_a,0.641841468391341,0.0014920094908918338,query_quartile,0.2572752478528531,0.0006385792710811253,0.2531144676594194,0.0,m1
0.07511217410211303,0.0,ridge,"[0,10)",offset_rotated,3,0.24394801224798077,0.006872143686256904,cross_session_iteration_a,-0.04274226391386571,0.002253653220051257,trial_position,0.014738942775545645,5.720452298340537e-05,0.023683244291081696,3.469446951953614e-18,m1
0.11266826115316954,0.0,ridge,"[10,25)",offset_rotated,3,0.29070420640862726,0.006540728113541258,cross_session_iteration_a,0.06628953633021355,0.004092594683126962,trial_position,0.018599384456609906,9.737400942303598e-05,0.036536049092856585,0.0,m1
0.18778043525528257,0.0,ridge,"[25,50)",offset_rotated,3,0.3107050036191082,0.005242889622900367,cross_session_iteration_a,0.12177811670776433,0.004499219994612456,trial_position,0.03215283023881605,0.00020385531214342086,0.06181024434827429,0.0,m1
0.5796090213674369,0.0,ridge,"[50,128)",offset_rotated,3,0.6281864251999939,0.004545288745028167,cross_session_iteration_a,0.5990189088334533,0.0009828877220872457,trial_position,0.8913740349204495,9.978915686110711e-05,0.8420067422274752,0.0,m1
0.04483010812199798,0.0,ridge,"[128,1000000000)",offset_rotated,3,0.5335576720880236,0.006349658926658316,cross_session_iteration_a,0.5011952634356346,0.005959916440846694,trial_position,0.043134807608578817,0.0004244704376979887,0.03596372004031278,0.0,m1
0.25000494159040143,0.0,zero,Q1,offset_original,3,0.7518364289435225,0.014344866523136565,cross_session_iteration_a,0.7177903318135308,0.0010494177204745814,query_quartile,0.19352200455838595,0.0008082652992161088,0.245835786123224,0.0,m1
0.25000494159040143,0.0,zero,Q2,offset_original,3,0.6627300993937674,0.014295375079440788,cross_session_iteration_a,0.5888963545194936,0.002282504591489445,query_quartile,0.28689619327443666,0.0007368519606565463,0.2501516857135609,0.0,m1
0.25000494159040143,0.0,zero,Q3,offset_original,3,0.6086584197463519,0.013866935394821521,cross_session_iteration_a,0.6315456731442722,0.003514324159126703,query_quartile,0.25797567755676537,0.0022479358407202616,0.2508980605037958,0.0,m1
0.24998517522879563,0.0,zero,Q4,offset_original,3,0.6468030836643771,0.0121387428763996,cross_session_iteration_a,0.6291059445073975,0.0023688638453492734,query_quartile,0.261606124610412,0.0009601722985589843,0.2531144676594194,0.0,m1
0.07511217410211303,0.0,zero,"[0,10)",offset_original,3,0.23741622189219927,0.005057542485669699,cross_session_iteration_a,-0.06857224966288185,0.012381570727653382,trial_position,0.014831573666171096,0.00021660600574784433,0.023683244291081696,3.469446951953614e-18,m1
0.11266826115316954,0.0,zero,"[10,25)",offset_original,3,0.28707723753725517,0.007158243563497579,cross_session_iteration_a,0.017222257376732775,0.017620613236140593,trial_position,0.019223577205488552,0.00038013159556374,0.036536049092856585,0.0,m1
0.18778043525528257,0.0,zero,"[25,50)",offset_original,3,0.30619009193703595,0.006603332533853738,cross_session_iteration_a,0.07600532431828096,0.019061383262280362,trial_position,0.0332181984088343,0.0007401529171795353,0.06181024434827429,0.0,m1
0.5796090213674369,0.0,zero,"[50,128)",offset_original,3,0.6695490203402855,0.01595303289127052,cross_session_iteration_a,0.5937944259765363,0.0020049327509888606,trial_position,0.886659709267715,0.0006999968576189114,0.8420067422274752,0.0,m1
0.04483010812199798,0.0,zero,"[128,1000000000)",offset_original,3,0.46092000299790176,0.024854146860296984,cross_session_iteration_a,0.45748833446623033,0.011615865465965311,trial_position,0.04606694145179105,0.0009565205197378764,0.03596372004031278,0.0,m1
0.25000494159040143,0.0,ridge,Q1,offset_original,3,0.7083423488269217,0.009390106808666284,cross_session_iteration_a,0.7112671451516331,0.0005302256059254272,query_quartile,0.20071101365147256,0.0005953789795554999,0.245835786123224,0.0,m1
0.25000494159040143,0.0,ridge,Q2,offset_original,3,0.6177092571420079,0.011005348207834477,cross_session_iteration_a,0.6008277069837252,0.0013221091839592505,query_quartile,0.28239254191688445,0.0003504420139738488,0.2501516857135609,0.0,m1
0.25000494159040143,0.0,ridge,Q3,offset_original,3,0.5725589282706386,0.0111952712993259,cross_session_iteration_a,0.6345184531310067,0.0032353831953003194,query_quartile,0.2593991347864135,0.0013187637437785625,0.2508980605037958,0.0,m1
0.24998517522879563,0.0,ridge,Q4,offset_original,3,0.6086655049179501,0.009633033617286789,cross_session_iteration_a,0.6398729186724645,0.001879399208156466,query_quartile,0.2574973096452293,0.0009063003229319037,0.2531144676594194,0.0,m1
0.07511217410211303,0.0,ridge,"[0,10)",offset_original,3,0.23146577340103525,0.0038007884174288747,cross_session_iteration_a,-0.023684291625558778,0.007178409268783472,trial_position,0.01440299195064715,0.00012078991987328335,0.023683244291081696,3.469446951953614e-18,m1
0.11266826115316954,0.0,ridge,"[10,25)",offset_original,3,0.28112107323706276,0.005013198503278785,cross_session_iteration_a,0.0721068907176153,0.0034439095197849236,trial_position,0.018398584626060307,0.00012392496820752758,0.036536049092856585,0.0,m1
0.18778043525528257,0.0,ridge,"[25,50)",offset_original,3,0.3030610597252386,0.004283544648692485,cross_session_iteration_a,0.12714205503800857,0.003170219092728293,trial_position,0.03180973567895181,0.00024012488601759253,0.06181024434827429,0.0,m1
0.5796090213674369,0.0,ridge,"[50,128)",offset_original,3,0.6267699615351078,0.012186905560182638,cross_session_iteration_a,0.5966948685872379,0.0018381456899006234,trial_position,0.8924044133539318,0.0005204393227392524,0.8420067422274752,0.0,m1
0.04483010812199798,0.0,ridge,"[128,1000000000)",offset_original,3,0.5292086806665046,0.013276785766992002,cross_session_iteration_a,0.500629309611702,0.006072151274188751,trial_position,0.04298427439040862,0.00037426937434459877,0.03596372004031278,0.0,m1
0.25000494159040143,0.0,zero,Q1,full,3,0.7924623578199254,0.00155437344745323,cross_session_iteration_a,0.7038614154134454,0.0013709558172191384,query_quartile,0.20271979110175617,3.5788867344832326e-05,0.245835786123224,0.0,m1
0.25000494159040143,0.0,zero,Q2,full,3,0.6931721287423892,0.0015694232131707438,cross_session_iteration_a,0.5897865521513015,0.0020468777088996754,query_quartile,0.28577987719186215,0.0003323708070527743,0.2501516857135609,0.0,m1
0.25000494159040143,0.0,zero,Q3,full,3,0.6535424795498276,0.001056570184576768,cross_session_iteration_a,0.6405586382466536,0.0010124929704518999,query_quartile,0.25123108856551907,0.0004134252499382495,0.2508980605037958,0.0,m1
0.24998517522879563,0.0,zero,Q4,full,3,0.6961509774068951,0.00037223164968969115,cross_session_iteration_a,0.6303616830570687,0.002070245317184422,query_quartile,0.26026924314086236,0.0004207013841820199,0.2531144676594194,0.0,m1
0.07511217410211303,0.0,zero,"[0,10)",full,3,0.2177574568150007,0.005725405300219284,cross_session_iteration_a,-0.018478612331387884,0.009563880082284688,trial_position,0.014111314089227616,0.00013710077362977444,0.023683244291081696,3.469446951953614e-18,m1
0.11266826115316954,0.0,zero,"[10,25)",full,3,0.3083699072526926,0.007274023807757829,cross_session_iteration_a,-0.019507565056495646,0.020701632562270686,trial_position,0.019906015915452116,0.00036220675974380466,0.036536049092856585,0.0,m1
0.18778043525528257,0.0,zero,"[25,50)",full,3,0.3182464392029338,0.008362122479831468,cross_session_iteration_a,0.023203337333770113,0.024096248185493625,trial_position,0.035052298263999186,0.0007737229903117144,0.06181024434827429,0.0,m1
0.5796090213674369,0.0,zero,"[50,128)",full,3,0.7135175045893098,0.002629128099856003,cross_session_iteration_a,0.5927238048775406,0.0015479634742337992,trial_position,0.8874642226044939,0.0014547736761154318,0.8420067422274752,0.0,m1
0.04483010812199798,0.0,zero,"[128,1000000000)",full,3,0.6071774657397123,0.00081188126679429,cross_session_iteration_a,0.48721516781009755,0.006037778055962413,trial_position,0.04346614912682687,0.00032301900529448476,0.03596372004031278,0.0,m1
0.25000494159040143,0.0,ridge,Q1,full,3,0.7552932429531967,0.0004841640861362116,cross_session_iteration_a,0.7089599523586072,0.00039745109916952584,query_quartile,0.2035019042068702,0.00019996227544211183,0.245835786123224,0.0,m1
0.25000494159040143,0.0,ridge,Q2,full,3,0.6567086460806583,0.000780256011462378,cross_session_iteration_a,0.6021883800971842,0.0011015429395634297,query_quartile,0.2830823753225746,0.00014157934615316572,0.2501516857135609,0.0,m1
0.25000494159040143,0.0,ridge,Q3,full,3,0.6244798989031743,0.000944415966456363,cross_session_iteration_a,0.6434538444074307,0.0008116541579598436,query_quartile,0.25454892473621216,0.00013103588037210407,0.2508980605037958,0.0,m1
0.24998517522879563,0.0,ridge,Q4,full,3,0.6597239379662736,0.0013412778497464452,cross_session_iteration_a,0.6400721352056745,0.0009117164176456121,query_quartile,0.2588667957343432,0.00010217609199928989,0.2531144676594194,0.0,m1
0.07511217410211303,0.0,ridge,"[0,10)",full,3,0.22130708089046258,0.0046800882959008895,cross_session_iteration_a,0.023952257173105822,0.0023734686998975636,trial_position,0.013813341195498723,6.471579586226382e-05,0.023683244291081696,3.469446951953614e-18,m1
0.11266826115316954,0.0,ridge,"[10,25)",full,3,0.3127026595484374,0.005098347740232338,cross_session_iteration_a,0.058105511138332844,0.003421049935143861,trial_position,0.018785728752059982,0.00010654689637759425,0.036536049092856585,0.0,m1
0.18778043525528257,0.0,ridge,"[25,50)",full,3,0.32230649905013037,0.005641216477100731,cross_session_iteration_a,0.10439690361342047,0.003779343836399041,trial_position,0.03282981629953408,0.0001954935204211158,0.06181024434827429,0.0,m1
0.5796090213674369,0.0,ridge,"[50,128)",full,3,0.6750446511967426,0.0009239024273242435,cross_session_iteration_a,0.5997812372999557,0.0010991352439398978,trial_position,0.8907797992585542,0.0004841269019630176,0.8420067422274752,0.0,m1
0.04483010812199798,0.0,ridge,"[128,1000000000)",full,3,0.580151247390548,0.002425667149399071,cross_session_iteration_a,0.49424183737387667,0.0013926796173154771,trial_position,0.0437913144943533,0.0001449506176044117,0.03596372004031278,0.0,m1
0.2500177116542685,0.0,zero,Q1,none,1,0.28566265972886096,0.0,cross_session_iteration_a,0.25313319553635505,0.0,query_quartile,0.2869297095534915,0.0,0.2943648227929093,0.0,m2
0.2500177116542685,0.0,zero,Q2,none,1,0.33251259620353407,0.0,cross_session_iteration_a,0.26430133371017805,0.0,query_quartile,0.2428672929016062,0.0,0.2530956259225901,0.0,m2
0.2500177116542685,0.0,zero,Q3,none,1,0.3849457234097951,0.0,cross_session_iteration_a,0.1931776579078106,0.0,query_quartile,0.2239734324346964,0.0,0.21270935872902333,0.0,m2
0.2499468650371945,0.0,zero,Q4,none,1,0.23142128742951856,0.0,cross_session_iteration_a,0.21307825640821065,0.0,query_quartile,0.2462295651102058,0.0,0.23983019255547727,0.0,m2
0.16436415161176055,0.0,zero,"[0,10)",none,1,0.2500948855298905,0.0,cross_session_iteration_a,0.325769185307234,0.0,trial_position,0.10609579853512878,0.0,0.12216793955578938,0.0,m2
0.24654622741764082,0.0,zero,"[10,25)",none,1,0.3048153771139573,0.0,cross_session_iteration_a,0.2248407457890761,0.0,trial_position,0.8264327204549159,0.0,0.824531006353259,0.0,m2
0.41091037902940136,0.0,zero,"[25,50)",none,1,0.3688113785547084,0.0,cross_session_iteration_a,0.036029321389158375,0.0,trial_position,0.04470783884716457,0.0,0.03658386286855986,0.0,m2
0.1756996103436061,0.0,zero,"[50,128)",none,1,0.09119511795057843,0.0,cross_session_iteration_a,-0.055833572147674815,0.0,trial_position,0.02242409659849139,0.0,0.016525892796189084,0.0,m2
0.002479631597591215,0.0,zero,"[128,1000000000)",none,1,0.0825639551437814,0.0,cross_session_iteration_a,-0.3862371948066785,0.0,trial_position,0.0003395455642992108,0.0,0.00019129842620273287,0.0,m2
0.2500177116542685,0.0,ridge,Q1,none,1,0.29613611900697906,0.0,cross_session_iteration_a,0.24142399618992194,0.0,query_quartile,0.2977558652417142,0.0,0.2943648227929093,0.0,m2
0.2500177116542685,0.0,ridge,Q2,none,1,0.34798302398811737,0.0,cross_session_iteration_a,0.29195737626214513,0.0,query_quartile,0.23881265061809637,0.0,0.2530956259225901,0.0,m2
0.2500177116542685,0.0,ridge,Q3,none,1,0.3954892176177191,0.0,cross_session_iteration_a,0.2341060562706948,0.0,query_quartile,0.2172281422118267,0.0,0.21270935872902333,0.0,m2
0.2499468650371945,0.0,ridge,Q4,none,1,0.22810800903787293,0.0,cross_session_iteration_a,0.229883500190043,0.0,query_quartile,0.24620334192836266,0.0,0.23983019255547727,0.0,m2
0.16436415161176055,0.0,ridge,"[0,10)",none,1,0.282380937445635,0.0,cross_session_iteration_a,0.33078142152861745,0.0,trial_position,0.1075936003895696,0.0,0.12216793955578938,0.0,m2
0.24654622741764082,0.0,ridge,"[10,25)",none,1,0.3167230830695527,0.0,cross_session_iteration_a,0.2430784394426384,0.0,trial_position,0.824510719701601,0.0,0.824531006353259,0.0,m2
0.41091037902940136,0.0,ridge,"[25,50)",none,1,0.36315907314536655,0.0,cross_session_iteration_a,0.04227958523650355,0.0,trial_position,0.045382400132653544,0.0,0.03658386286855986,0.0,m2
0.1756996103436061,0.0,ridge,"[50,128)",none,1,0.06099438289116138,0.0,cross_session_iteration_a,-0.021427087578482773,0.0,trial_position,0.022164386887978595,0.0,0.016525892796189084,0.0,m2
0.002479631597591215,0.0,ridge,"[128,1000000000)",none,1,0.0754520271850957,0.0,cross_session_iteration_a,-0.3941282898889391,0.0,trial_position,0.0003488928881972723,0.0,0.00019129842620273287,0.0,m2
0.2500177116542685,0.0,zero,Q1,io,3,0.5783785090553812,0.002711795791930585,cross_session_iteration_a,0.2762223935686374,0.001400976224672777,query_quartile,0.2927154362254087,0.00036465789594186817,0.2943648227929093,0.0,m2
0.2500177116542685,0.0,zero,Q2,io,3,0.7090079648883458,0.002336825314111616,cross_session_iteration_a,0.33192871251041906,0.002845907455894773,query_quartile,0.23216505084839245,0.00028066208766310105,0.2530956259225901,0.0,m2
0.2500177116542685,0.0,zero,Q3,io,3,0.8041322212063989,0.003369350889153728,cross_session_iteration_a,0.17956415014135318,0.004731060601404163,query_quartile,0.23975429155510866,0.0006874524673261927,0.21270935872902333,0.0,m2
0.24994686503719446,2.7755575615628914e-17,zero,Q4,io,3,0.500750754237011,0.002055344429117306,cross_session_iteration_a,0.2854641625073046,0.0007060539512533018,query_quartile,0.23536522137109026,0.0005611532613253849,0.23983019255547725,2.7755575615628914e-17,m2
0.16436415161176055,0.0,zero,"[0,10)",io,3,0.6287718923348325,0.003020213202358789,cross_session_iteration_a,0.33938877360074965,0.0012040415209229076,trial_position,0.10943297485351298,0.0005137223395421405,0.12216793955578938,0.0,m2
0.2465462274176408,2.7755575615628914e-17,zero,"[10,25)",io,3,0.6521255895090862,0.002556974821551003,cross_session_iteration_a,0.27206601603115993,0.0028595024325910818,trial_position,0.8169848055854807,0.0007210730451638231,0.824531006353259,0.0,m2
0.41091037902940136,0.0,zero,"[25,50)",io,3,0.6765291394824752,0.001775650839342892,cross_session_iteration_a,-0.04111600458557948,0.0019996754763355524,trial_position,0.0508310555372787,0.00016724518999295998,0.03658386286855986,0.0,m2
0.17569961034360607,2.7755575615628914e-17,zero,"[50,128)",io,3,0.16044844158155727,0.0018872993088682654,cross_session_iteration_a,-0.004120520823183964,0.0014606654103705694,trial_position,0.022449948670090505,6.613874647175375e-05,0.016525892796189084,0.0,m2
0.002479631597591215,0.0,zero,"[128,1000000000)",io,3,0.15156404544311616,0.0031841797862519903,cross_session_iteration_a,-0.16816296718443535,0.011336590405594791,trial_position,0.000301215353637194,3.2278726395393868e-06,0.00019129842620273287,0.0,m2
0.2500177116542685,0.0,ridge,Q1,io,3,0.5298443068197419,0.001567043656512852,cross_session_iteration_a,0.29133202225767224,0.0015473162310614978,query_quartile,0.2943206311550166,0.00028276450334903505,0.2943648227929093,0.0,m2
0.2500177116542685,0.0,ridge,Q2,io,3,0.6497964478208046,0.0013132636978572501,cross_session_iteration_a,0.35082850196649645,0.0029433205971966313,query_quartile,0.23167057321131188,0.0003355007814474922,0.2530956259225901,0.0,m2
0.2500177116542685,0.0,ridge,Q3,io,3,0.7362596753184647,0.001080206847926583,cross_session_iteration_a,0.21176000915784432,0.004264353720333305,query_quartile,0.23654742201804121,0.0005432201087579642,0.21270935872902333,0.0,m2
0.24994686503719446,2.7755575615628914e-17,ridge,Q4,io,3,0.45790511181987714,0.00038543664975306533,cross_session_iteration_a,0.2980006847173696,0.0004613892942194068,query_quartile,0.23746137361563027,0.0005937097286779124,0.23983019255547725,2.7755575615628914e-17,m2
0.16436415161176055,0.0,ridge,"[0,10)",io,3,0.5734387034867082,0.0040061547243181546,cross_session_iteration_a,0.3494647762229935,0.002297025713819527,trial_position,0.11066528926135849,0.0006432012138811432,0.12216793955578938,0.0,m2
0.2465462274176408,2.7755575615628914e-17,ridge,"[10,25)",io,3,0.5974997598571551,0.00028607487207924474,cross_session_iteration_a,0.2920893341344468,0.002940978980292355,trial_position,0.8159018575938507,0.0009135474573412464,0.824531006353259,0.0,m2
0.41091037902940136,0.0,ridge,"[25,50)",io,3,0.6187324116697476,0.002068261373574636,cross_session_iteration_a,0.0002875760397277327,0.002197526203325079,trial_position,0.050123865264281586,0.00022255990799704623,0.03658386286855986,0.0,m2
0.17569961034360607,2.7755575615628914e-17,ridge,"[50,128)",io,3,0.1467218256623371,0.000999742807493922,cross_session_iteration_a,-0.0021631236696763034,0.0016476640849783838,trial_position,0.023009462827611977,8.25459532999396e-05,0.016525892796189084,0.0,m2
0.002479631597591215,0.0,ridge,"[128,1000000000)",io,3,0.13707564526736912,0.001673633931038512,cross_session_iteration_a,-0.13116163951377988,0.0006364851891555365,trial_position,0.000299525052897242,8.301314521418936e-07,0.00019129842620273287,0.0,m2
0.2500177116542685,0.0,zero,Q1,lora,3,0.36434007756592474,0.024284016048729935,cross_session_iteration_a,0.3375587644099897,0.005402418857203622,query_quartile,0.2864809123991449,0.004743155642913859,0.2943648227929093,0.0,m2
0.2500177116542685,0.0,zero,Q2,lora,3,0.4870361402526868,0.02126399539948541,cross_session_iteration_a,0.3523753380190809,0.034363398600375517,query_quartile,0.24043560094078967,0.008134844493770397,0.2530956259225901,0.0,m2
0.2500177116542685,0.0,zero,Q3,lora,3,0.5308683291741377,0.04405904807291659,cross_session_iteration_a,0.23676285109220072,0.008603703876634047,query_quartile,0.23860780594344336,0.008246312163036335,0.21270935872902333,0.0,m2
0.24994686503719446,2.7755575615628914e-17,zero,Q4,lora,3,0.3267747362584461,0.012121041181831606,cross_session_iteration_a,0.33354655871436273,0.0404850287013842,query_quartile,0.2344756807166221,0.00921849642858231,0.23983019255547725,2.7755575615628914e-17,m2
0.16436415161176055,0.0,zero,"[0,10)",lora,3,0.41940333375471095,0.025618297520151493,cross_session_iteration_a,0.35319635454786696,0.015012239122358034,trial_position,0.11454576621268181,0.0019830439389820114,0.12216793955578938,0.0,m2
0.2465462274176408,2.7755575615628914e-17,zero,"[10,25)",lora,3,0.43053080570248525,0.0247763346815696,cross_session_iteration_a,0.32014191013475374,0.018522189550225915,trial_position,0.8155509829220934,0.0038647596062895556,0.824531006353259,0.0,m2
0.41091037902940136,0.0,zero,"[25,50)",lora,3,0.396733312303327,0.013156883213043114,cross_session_iteration_a,0.13425720188684628,0.027439219304588997,trial_position,0.04521100087868207,0.001901765448547415,0.03658386286855986,0.0,m2
0.17569961034360607,2.7755575615628914e-17,zero,"[50,128)",lora,3,0.08199329353482264,0.00967901016710585,cross_session_iteration_a,-0.02380837435050635,0.01395998568044536,trial_position,0.02447571228210693,0.0004312329184283981,0.016525892796189084,0.0,m2
0.002479631597591215,0.0,zero,"[128,1000000000)",lora,3,0.13128868802108754,0.09775321381929439,cross_session_iteration_a,0.21223800357852818,0.21911738899057512,trial_position,0.00021653770443601437,5.8943023606757053e-05,0.00019129842620273287,0.0,m2
0.2500177116542685,0.0,ridge,Q1,lora,3,0.3482497932832191,0.026638831667755606,cross_session_iteration_a,0.33907436606332225,0.004923315900364104,query_quartile,0.2878147831867284,0.0045201636139067134,0.2943648227929093,0.0,m2
0.2500177116542685,0.0,ridge,Q2,lora,3,0.46666412482995434,0.024538217502835774,cross_session_iteration_a,0.3585290245880141,0.03358208045948544,query_quartile,0.23981803960040105,0.008102158579179543,0.2530956259225901,0.0,m2
0.2500177116542685,0.0,ridge,Q3,lora,3,0.5080899062978528,0.04667925615934224,cross_session_iteration_a,0.2475647190147983,0.009053742647940127,query_quartile,0.23686306547437366,0.00804900636260091,0.21270935872902333,0.0,m2
0.24994686503719446,2.7755575615628914e-17,ridge,Q4,lora,3,0.31017810360092907,0.013145932857819224,cross_session_iteration_a,0.3353348873945601,0.0386668933508132,query_quartile,0.23550411173849695,0.009071342865900747,0.23983019255547725,2.7755575615628914e-17,m2
0.16436415161176055,0.0,ridge,"[0,10)",lora,3,0.39768203813522746,0.03016823638139053,cross_session_iteration_a,0.3533950385446101,0.01411151660634407,trial_position,0.11531026065545502,0.0018822046166051144,0.12216793955578938,0.0,m2
0.2465462274176408,2.7755575615628914e-17,ridge,"[10,25)",lora,3,0.4120441637127225,0.026847459530023602,cross_session_iteration_a,0.32555986977276685,0.017599718412852978,trial_position,0.8147134420388703,0.0037875532383718417,0.824531006353259,0.0,m2
0.41091037902940136,0.0,ridge,"[25,50)",lora,3,0.3750714910889772,0.011048143102898563,cross_session_iteration_a,0.14563534359535998,0.029323663825466518,trial_position,0.044928862986622776,0.0020015554946469353,0.03658386286855986,0.0,m2
0.17569961034360607,2.7755575615628914e-17,ridge,"[50,128)",lora,3,0.07599004585670466,0.00910822896598443,cross_session_iteration_a,-0.03158865660137167,0.01722865541962825,trial_position,0.02483142537446066,0.0003773420939017545,0.016525892796189084,0.0,m2
0.002479631597591215,0.0,ridge,"[128,1000000000)",lora,3,0.12056759951855933,0.08902948491210573,cross_session_iteration_a,0.21959922426981282,0.20447445019786956,trial_position,0.00021600894459115536,5.509153545257712e-05,0.00019129842620273287,0.0,m2
0.2500177116542685,0.0,zero,Q1,affine,3,0.28070755755049626,0.0013862112750424554,cross_session_iteration_a,0.2910384109481842,0.0011786276302039648,query_quartile,0.29798739326179113,0.0005057067609065196,0.2943648227929093,0.0,m2
0.2500177116542685,0.0,zero,Q2,affine,3,0.3471874245466806,0.0006854405029329419,cross_session_iteration_a,0.35176476459990363,0.0018868857276777074,query_quartile,0.23412236117000298,0.0002447271891379459,0.2530956259225901,0.0,m2
0.2500177116542685,0.0,zero,Q3,affine,3,0.3678588996309046,0.0025018885105332974,cross_session_iteration_a,0.2751385914033521,0.0019955652879099254,query_quartile,0.22014853234159462,0.0004896163881467591,0.21270935872902333,0.0,m2
0.24994686503719446,2.7755575615628914e-17,zero,Q4,affine,3,0.23610512500594275,0.0016112255743985834,cross_session_iteration_a,0.2763163854942068,0.0016346853517675145,query_quartile,0.2477417132266113,0.00012245456257830152,0.23983019255547725,2.7755575615628914e-17,m2
0.16436415161176055,0.0,zero,"[0,10)",affine,3,0.22961338560926814,0.0038907668654532706,cross_session_iteration_a,0.2984778847354277,0.00023568848327834867,trial_position,0.12077431916814683,0.00024143159230399444,0.12216793955578938,0.0,m2
0.2465462274176408,2.7755575615628914e-17,zero,"[10,25)",affine,3,0.3104387275892972,0.000993253581521321,cross_session_iteration_a,0.3092233739826767,0.0017084870018300806,trial_position,0.8057415381576508,0.0004898275883436007,0.824531006353259,0.0,m2
0.41091037902940136,0.0,zero,"[25,50)",affine,3,0.46948319636264674,0.002612975466362121,cross_session_iteration_a,0.03663225892318315,0.0017197570728128971,trial_position,0.0488828985240484,0.00017822951383992825,0.03658386286855986,0.0,m2
0.17569961034360607,2.7755575615628914e-17,zero,"[50,128)",affine,3,0.09076297469552264,0.0007235865093103606,cross_session_iteration_a,-0.044932185114632116,0.0015553187271968793,trial_position,0.024280190784222607,7.696340726299746e-05,0.016525892796189084,0.0,m2
0.002479631597591215,0.0,zero,"[128,1000000000)",affine,3,0.07298987031874343,0.001115880890941918,cross_session_iteration_a,-0.19805431201799953,0.00972256331448841,trial_position,0.00032105336593132416,2.3608062566666845e-06,0.00019129842620273287,0.0,m2
0.2500177116542685,0.0,ridge,Q1,affine,3,0.36080688938968336,0.0012942134347132088,cross_session_iteration_a,0.29450454212406735,0.0018463244153043964,query_quartile,0.29980140005920713,0.0004971674761337553,0.2943648227929093,0.0,m2
0.2500177116542685,0.0,ridge,Q2,affine,3,0.4475823329358417,0.0012199016159386465,cross_session_iteration_a,0.3587037672146732,0.0022592645081724967,query_quartile,0.2341711033963032,0.000265426212056099,0.2530956259225901,0.0,m2
0.2500177116542685,0.0,ridge,Q3,affine,3,0.4750992587641693,0.004657810075214073,cross_session_iteration_a,0.28189450857980763,0.0021536640476358874,query_quartile,0.22050231127752518,0.0002568989918676969,0.21270935872902333,0.0,m2
0.24994686503719446,2.7755575615628914e-17,ridge,Q4,affine,3,0.291167582507559,0.001354954249389915,cross_session_iteration_a,0.29061671152359164,0.0018785559175228442,query_quartile,0.24552518526696443,1.1156329646548946e-05,0.23983019255547725,2.7755575615628914e-17,m2
0.16436415161176055,0.0,ridge,"[0,10)",affine,3,0.29021385470403127,0.005279793679387025,cross_session_iteration_a,0.3159104408412788,0.0015796008497635419,trial_position,0.11907215685827499,0.00023740020464277378,0.12216793955578938,0.0,m2
0.2465462274176408,2.7755575615628914e-17,ridge,"[10,25)",affine,3,0.3992511696060907,0.0013646972601728206,cross_session_iteration_a,0.3187701172025309,0.0021624225081907545,trial_position,0.8033709111936261,0.0004502045017646003,0.824531006353259,0.0,m2
0.41091037902940136,0.0,ridge,"[25,50)",affine,3,0.5861234812178556,0.0025996510213712426,cross_session_iteration_a,-0.007482815391060734,0.0015517531497400156,trial_position,0.05168526905090378,0.00015000896602076664,0.03658386286855986,0.0,m2
0.17569961034360607,2.7755575615628914e-17,ridge,"[50,128)",affine,3,0.10469443233833253,0.00012098081875720046,cross_session_iteration_a,-0.08635755817656365,0.002575169734981057,trial_position,0.02552137941156049,0.0001240470230054273,0.016525892796189084,0.0,m2
0.002479631597591215,0.0,ridge,"[128,1000000000)",affine,3,0.07841830876793482,0.00039718070746878073,cross_session_iteration_a,-0.2928693381353371,0.009697262628656174,trial_position,0.00035028348563452815,2.2281582746451458e-06,0.00019129842620273287,0.0,m2
0.2500177116542685,0.0,zero,Q1,affine_lora,3,0.3573435203922773,0.04365202180746318,cross_session_iteration_a,0.3462367095715975,0.017855517829804046,query_quartile,0.2850167111769941,0.006236469859207025,0.2943648227929093,0.0,m2
0.2500177116542685,0.0,zero,Q2,affine_lora,3,0.48024576528617846,0.04884541525775368,cross_session_iteration_a,0.3391841856202899,0.033389175105593895,query_quartile,0.24733039189750952,0.00523230382465715,0.2530956259225901,0.0,m2
0.2500177116542685,0.0,zero,Q3,affine_lora,3,0.5182705925757928,0.06825819082134493,cross_session_iteration_a,0.24762972614802928,0.04489187604990688,query_quartile,0.23697836599513913,0.013104369772252891,0.21270935872902333,0.0,m2
0.24994686503719446,2.7755575615628914e-17,zero,Q4,affine_lora,3,0.3240762270714231,0.030604836122903645,cross_session_iteration_a,0.34951692476234825,0.038755032804533136,query_quartile,0.2306745309303572,0.005858518977617033,0.23983019255547725,2.7755575615628914e-17,m2
0.16436415161176055,0.0,zero,"[0,10)",affine_lora,3,0.40048752259273557,0.029998715969955635,cross_session_iteration_a,0.37091180348949004,0.008465562414630116,trial_position,0.11237987484422883,0.002991074517374669,0.12216793955578938,0.0,m2
0.2465462274176408,2.7755575615628914e-17,zero,"[10,25)",affine_lora,3,0.42482487832244614,0.05035081348318531,cross_session_iteration_a,0.3228135554250687,0.028222753047099196,trial_position,0.8187015852085554,0.004098183778090218,0.824531006353259,0.0,m2
0.41091037902940136,0.0,zero,"[25,50)",affine_lora,3,0.3844401887073004,0.03437034943806974,cross_session_iteration_a,0.15824769835563235,0.012386468246618262,trial_position,0.044328670983691476,0.0015261686229814753,0.03658386286855986,0.0,m2
0.17569961034360607,2.7755575615628914e-17,zero,"[50,128)",affine_lora,3,0.08472146055607886,0.006535433273680288,cross_session_iteration_a,-0.011894075650293323,0.053294795052084176,trial_position,0.02436058743737056,0.0004381739610572273,0.016525892796189084,0.0,m2
0.002479631597591215,0.0,zero,"[128,1000000000)",affine_lora,3,0.1238934213067302,0.044858615166467136,cross_session_iteration_a,0.1767780756498016,0.030467381206960208,trial_position,0.0002292815261536577,1.6586324890729212e-05,0.00019129842620273287,0.0,m2
0.2500177116542685,0.0,ridge,Q1,affine_lora,3,0.3479290601274683,0.041888803271823885,cross_session_iteration_a,0.3497224793524046,0.017515723651678996,query_quartile,0.2863425517341697,0.005826823974433522,0.2943648227929093,0.0,m2
0.2500177116542685,0.0,ridge,Q2,affine_lora,3,0.468426054823982,0.04477864477274663,cross_session_iteration_a,0.34841821808773576,0.03223919587175664,query_quartile,0.24634799964820697,0.005538377335647361,0.2530956259225901,0.0,m2
0.2500177116542685,0.0,ridge,Q3,affine_lora,3,0.5052292267863454,0.06568007143723766,cross_session_iteration_a,0.25871658524479896,0.04160376848172389,query_quartile,0.23586721403663355,0.012736363460315439,0.21270935872902333,0.0,m2
0.24994686503719446,2.7755575615628914e-17,ridge,Q4,affine_lora,3,0.3135277060338781,0.02728783050198551,cross_session_iteration_a,0.3538652992856291,0.038120964921095984,query_quartile,0.23144223458098975,0.005771334128534251,0.23983019255547725,2.7755575615628914e-17,m2
0.16436415161176055,0.0,ridge,"[0,10)",affine_lora,3,0.38556645631549197,0.03332645303574968,cross_session_iteration_a,0.36884253125708194,0.007277082671225938,trial_position,0.11388556166980635,0.002993168759471403,0.12216793955578938,0.0,m2
0.2465462274176408,2.7755575615628914e-17,ridge,"[10,25)",affine_lora,3,0.41424387344772745,0.04677803813025397,cross_session_iteration_a,0.3311510746023247,0.026773791923699462,trial_position,0.8168117557417238,0.003780920178723017,0.824531006353259,0.0,m2
0.41091037902940136,0.0,ridge,"[25,50)",affine_lora,3,0.3701158152974861,0.027070350527371827,cross_session_iteration_a,0.16693124159699546,0.011924533414567777,trial_position,0.04430732506931659,0.0013471163694559886,0.03658386286855986,0.0,m2
0.17569961034360607,2.7755575615628914e-17,ridge,"[50,128)",affine_lora,3,0.07976803420388312,0.006079055394268062,cross_session_iteration_a,-0.018931004394839118,0.05753499257381329,trial_position,0.024774295414310008,0.0005774065675851371,0.016525892796189084,0.0,m2
0.002479631597591215,0.0,ridge,"[128,1000000000)",affine_lora,3,0.11523589796113376,0.04029402731250024,cross_session_iteration_a,0.21402541141554365,0.0276712472264527,trial_position,0.00022106210484324854,1.5087454980432452e-05,0.00019129842620273287,0.0,m2
0.2500177116542685,0.0,zero,Q1,offset_rotated,3,0.45288308892884155,0.03302727034357492,cross_session_iteration_a,0.34821580430472593,0.007632237514282124,query_quartile,0.28017697614838,0.00607281001268597,0.2943648227929093,0.0,m2
0.2500177116542685,0.0,zero,Q2,offset_rotated,3,0.5127773379851456,0.03309167015646406,cross_session_iteration_a,0.3719984008072936,0.016735199919764514,query_quartile,0.23190784642054063,0.00540796700640997,0.2530956259225901,0.0,m2
0.2500177116542685,0.0,zero,Q3,offset_rotated,3,0.5623659894277605,0.05986577855842388,cross_session_iteration_a,0.22277387574497753,0.028121170613748928,query_quartile,0.24129242433545586,0.006057998644738361,0.21270935872902333,0.0,m2
0.24994686503719446,2.7755575615628914e-17,zero,Q4,offset_rotated,3,0.38866810089421255,0.027476117803561146,cross_session_iteration_a,0.2953909797436546,0.010893331871590025,query_quartile,0.24662275309562354,0.0011025832450253258,0.23983019255547725,2.7755575615628914e-17,m2
0.16436415161176055,0.0,zero,"[0,10)",offset_rotated,3,0.5373968696700103,0.05574263858171844,cross_session_iteration_a,0.3252143340654272,0.018398062502461864,trial_position,0.11876073963983595,0.0018780146148161066,0.12216793955578938,0.0,m2
0.2465462274176408,2.7755575615628914e-17,zero,"[10,25)",offset_rotated,3,0.4657411852436882,0.03915283079024022,cross_session_iteration_a,0.3224285094036509,0.008565871967578765,trial_position,0.8080924378106946,0.000952339858961806,0.824531006353259,0.0,m2
0.41091037902940136,0.0,zero,"[25,50)",offset_rotated,3,0.6086572295049316,0.07815006838073744,cross_session_iteration_a,0.05039805103125091,0.02885253588460978,trial_position,0.04927213831856612,0.0015697191768190208,0.03658386286855986,0.0,m2
0.17569961034360607,2.7755575615628914e-17,zero,"[50,128)",offset_rotated,3,0.1175808111282897,0.02191633177839144,cross_session_iteration_a,0.00949032857204731,0.03490540655955172,trial_position,0.023544152542163858,0.001070464142104608,0.016525892796189084,0.0,m2
0.002479631597591215,0.0,zero,"[128,1000000000)",offset_rotated,3,0.06861269947509072,0.013294670999151425,cross_session_iteration_a,-0.207199587667652,0.084797006058456,trial_position,0.00033053168873946375,1.8866158948883995e-05,0.00019129842620273287,0.0,m2
0.2500177116542685,0.0,ridge,Q1,offset_rotated,3,0.4271591204103644,0.027212200294473785,cross_session_iteration_a,0.3544548299585686,0.008821215294422575,query_quartile,0.2816684979155643,0.005802514750250852,0.2943648227929093,0.0,m2
0.2500177116542685,0.0,ridge,Q2,offset_rotated,3,0.48596748744281165,0.02629126344434691,cross_session_iteration_a,0.3841939764736184,0.016455543241603476,query_quartile,0.23085148549718268,0.006052055247297094,0.2530956259225901,0.0,m2
0.2500177116542685,0.0,ridge,Q3,offset_rotated,3,0.5311401134227772,0.050025225197877096,cross_session_iteration_a,0.2393385087729951,0.025420026468729512,query_quartile,0.23973346710512264,0.005940500086030134,0.21270935872902333,0.0,m2
0.24994686503719446,2.7755575615628914e-17,ridge,Q4,offset_rotated,3,0.3597015855929359,0.021828449275621605,cross_session_iteration_a,0.3027129437699226,0.010436251861948015,query_quartile,0.24774654948213048,0.0015307399019570645,0.23983019255547725,2.7755575615628914e-17,m2
0.16436415161176055,0.0,ridge,"[0,10)",offset_rotated,3,0.5038605953488666,0.05184942234750562,cross_session_iteration_a,0.3267313664125628,0.018196921065432345,trial_position,0.12028557576311301,0.002096661220945453,0.12216793955578938,0.0,m2
0.2465462274176408,2.7755575615628914e-17,ridge,"[10,25)",offset_rotated,3,0.43919732105249215,0.03208680594926125,cross_session_iteration_a,0.3335555616970442,0.006416250283457905,trial_position,0.8068414368078578,0.0009151878784477897,0.824531006353259,0.0,m2
0.41091037902940136,0.0,ridge,"[25,50)",offset_rotated,3,0.5641302552398139,0.06853762933834906,cross_session_iteration_a,0.0773481364474589,0.02216188372764103,trial_position,0.048595331968921136,0.0012182018656541527,0.03658386286855986,0.0,m2
0.17569961034360607,2.7755575615628914e-17,ridge,"[50,128)",offset_rotated,3,0.10719765624858142,0.019710492148060386,cross_session_iteration_a,0.007240720610408517,0.03413052278859562,trial_position,0.02395154378882439,0.001026018453947204,0.016525892796189084,0.0,m2
0.002479631597591215,0.0,ridge,"[128,1000000000)",offset_rotated,3,0.06036393249718114,0.011727422376620346,cross_session_iteration_a,-0.1730990871571839,0.0733224285470797,trial_position,0.0003261116712835012,1.68940780832365e-05,0.00019129842620273287,0.0,m2
0.2500177116542685,0.0,zero,Q1,offset_original,3,0.5254754421535065,0.04083198802287967,cross_session_iteration_a,0.3683368727450221,0.008332079213664996,query_quartile,0.2790094620666504,0.002212851664780174,0.2943648227929093,0.0,m2
0.2500177116542685,0.0,zero,Q2,offset_original,3,0.5923991268854814,0.028605430420677022,cross_session_iteration_a,0.40798587791189017,0.010723862161584746,query_quartile,0.22471493133949674,0.00422441047280002,0.2530956259225901,0.0,m2
0.2500177116542685,0.0,zero,Q3,offset_original,3,0.6793838050227968,0.03832501908419821,cross_session_iteration_a,0.22254904333843914,0.022616811029616463,query_quartile,0.24805889684620083,0.0025382879622889635,0.21270935872902333,0.0,m2
0.24994686503719446,2.7755575615628914e-17,zero,Q4,offset_original,3,0.4519484991343588,0.024058446588226465,cross_session_iteration_a,0.30985252772774946,0.018933307540841476,query_quartile,0.24821670974765206,0.0023799470948970176,0.23983019255547725,2.7755575615628914e-17,m2
0.16436415161176055,0.0,zero,"[0,10)",offset_original,3,0.5809330807992916,0.03309103269658152,cross_session_iteration_a,0.32454089242564504,0.02034480894245244,trial_position,0.12217166327998545,0.0018707250765728795,0.12216793955578938,0.0,m2
0.2465462274176408,2.7755575615628914e-17,zero,"[10,25)",offset_original,3,0.5616792674675929,0.03254669109626733,cross_session_iteration_a,0.34309623873112827,0.011811647986286448,trial_position,0.8051460638009781,0.0021210770187671452,0.824531006353259,0.0,m2
0.41091037902940136,0.0,zero,"[25,50)",offset_original,3,0.5544248149800585,0.0404809406674301,cross_session_iteration_a,0.09391780371858631,0.029592111075638302,trial_position,0.048297558511926124,0.0006771797918264816,0.03658386286855986,0.0,m2
0.17569961034360607,2.7755575615628914e-17,zero,"[50,128)",offset_original,3,0.1172667825159221,0.004829816240337553,cross_session_iteration_a,0.018144675221739088,0.010069762645565413,trial_position,0.023978931645898243,0.0003981709780343648,0.016525892796189084,0.0,m2
0.002479631597591215,0.0,zero,"[128,1000000000)",offset_original,3,0.12360522096252181,0.058753886490611626,cross_session_iteration_a,-0.44489708055036714,0.22468057813022174,trial_position,0.00040578276121210435,5.539752252917127e-05,0.00019129842620273287,0.0,m2
0.2500177116542685,0.0,ridge,Q1,offset_original,3,0.48824295324115435,0.03378527364022023,cross_session_iteration_a,0.37812054183986193,0.007266644974619632,query_quartile,0.280771892523413,0.0022558902419946084,0.2943648227929093,0.0,m2
0.2500177116542685,0.0,ridge,Q2,offset_original,3,0.5523895785102707,0.020931643358793967,cross_session_iteration_a,0.4224750438267055,0.008413258104979794,query_quartile,0.2240758834004656,0.0040426818574070995,0.2530956259225901,0.0,m2
0.2500177116542685,0.0,ridge,Q3,offset_original,3,0.6316970048933286,0.028645070256628675,cross_session_iteration_a,0.24744591062629231,0.0179701843451713,query_quartile,0.24545743862609795,0.001954952100216063,0.21270935872902333,0.0,m2
0.24994686503719446,2.7755575615628914e-17,ridge,Q4,offset_original,3,0.41065153137804505,0.017410583230398992,cross_session_iteration_a,0.3208082887996494,0.01750018095231629,query_quartile,0.24969478545002347,0.0025797650048943323,0.23983019255547725,2.7755575615628914e-17,m2
0.16436415161176055,0.0,ridge,"[0,10)",offset_original,3,0.5331890700851089,0.026101992610618747,cross_session_iteration_a,0.3319905648591237,0.018784573250752747,trial_position,0.12351093095807486,0.0022464302780816157,0.12216793955578938,0.0,m2
0.2465462274176408,2.7755575615628914e-17,ridge,"[10,25)",offset_original,3,0.5217199782120373,0.024732355367557166,cross_session_iteration_a,0.35885434247690906,0.009771327391167945,trial_position,0.8032581991065099,0.0023430542480050794,0.824531006353259,0.0,m2
0.41091037902940136,0.0,ridge,"[25,50)",offset_original,3,0.5082582573439681,0.03116206576454664,cross_session_iteration_a,0.11388198507296828,0.022873126303327822,trial_position,0.048285775393013354,0.0004844952049286217,0.03658386286855986,0.0,m2
0.17569961034360607,2.7755575615628914e-17,ridge,"[50,128)",offset_original,3,0.10573444047010415,0.0036104936789819147,cross_session_iteration_a,0.016714396219099464,0.005912646656035404,trial_position,0.024545339660288306,0.00036000107546236095,0.016525892796189084,0.0,m2
0.002479631597591215,0.0,ridge,"[128,1000000000)",offset_original,3,0.10341617537910108,0.047705198869260924,cross_session_iteration_a,-0.39182529788498494,0.20718526478266092,trial_position,0.0003997548821135819,5.33407689602234e-05,0.00019129842620273287,0.0,m2
0.2500177116542685,0.0,zero,Q1,full,3,0.3932411204916628,0.008709575844547207,cross_session_iteration_a,0.35673008244561055,0.0025878451837905428,query_quartile,0.2893661263622293,0.0003857966928283147,0.2943648227929093,0.0,m2
0.2500177116542685,0.0,zero,Q2,full,3,0.4803038333679161,0.011322412305330804,cross_session_iteration_a,0.3859535929612245,0.0014244533567539083,query_quartile,0.23735339807957057,0.0005449252979761621,0.2530956259225901,0.0,m2
0.2500177116542685,0.0,zero,Q3,full,3,0.5410544723488903,0.012551852797899296,cross_session_iteration_a,0.27579891320009325,0.005838384554475585,query_quartile,0.235392434983294,0.0009654714654400679,0.21270935872902333,0.0,m2
0.24994686503719446,2.7755575615628914e-17,zero,Q4,full,3,0.32222988279027603,0.0063401416584604325,cross_session_iteration_a,0.35070620457033735,0.0022740296028552136,query_quartile,0.23788804057490606,0.00019779306548861256,0.23983019255547725,2.7755575615628914e-17,m2
0.16436415161176055,0.0,zero,"[0,10)",full,3,0.3890303877610324,0.008538653628237714,cross_session_iteration_a,0.39318715531890014,0.0008033205941800108,trial_position,0.11180805823284624,0.000474934450207479,0.12216793955578938,0.0,m2
0.2465462274176408,2.7755575615628914e-17,zero,"[10,25)",full,3,0.4434703971438945,0.010228407385160418,cross_session_iteration_a,0.3479174966977985,0.00323846174552032,trial_position,0.8140275192375866,0.0006037120699944122,0.824531006353259,0.0,m2
0.41091037902940136,0.0,zero,"[25,50)",full,3,0.43934034661352633,0.00457614100989388,cross_session_iteration_a,0.10054916596512235,0.0029947419120473994,trial_position,0.048845225675436754,0.0001489767156234459,0.03658386286855986,0.0,m2
0.17569961034360607,2.7755575615628914e-17,zero,"[50,128)",full,3,0.07464853613875116,0.002019441317379064,cross_session_iteration_a,-0.005482429409691607,0.0040669747426745504,trial_position,0.025004370088593676,2.849318902175926e-05,0.016525892796189084,0.0,m2
0.002479631597591215,0.0,zero,"[128,1000000000)",full,3,0.06210331959644891,0.003429460167685593,cross_session_iteration_a,-0.09770967120613894,0.003348379006859402,trial_position,0.0003148267655365638,4.503780001910204e-07,0.00019129842620273287,0.0,m2
0.2500177116542685,0.0,ridge,Q1,full,3,0.37798677705449174,0.006118532322849235,cross_session_iteration_a,0.36025540755857843,0.0025445057036303435,query_quartile,0.29056245949174314,0.00032952873703878536,0.2943648227929093,0.0,m2
0.2500177116542685,0.0,ridge,Q2,full,3,0.4623328599543093,0.00844456262860286,cross_session_iteration_a,0.39305258698519224,0.0014332164687673198,query_quartile,0.2368775108341962,0.0005650974150652001,0.2530956259225901,0.0,m2
0.2500177116542685,0.0,ridge,Q3,full,3,0.5191363787981739,0.00912350579803527,cross_session_iteration_a,0.28839720568332244,0.005411323254468494,query_quartile,0.2335340655409145,0.0008561001586922968,0.21270935872902333,0.0,m2
0.24994686503719446,2.7755575615628914e-17,ridge,Q4,full,3,0.3074127061537642,0.0045925362747322165,cross_session_iteration_a,0.3538469624639722,0.0023376620472677005,query_quartile,0.23902596413314617,0.00023156769426279093,0.23983019255547725,2.7755575615628914e-17,m2
0.16436415161176055,0.0,ridge,"[0,10)",full,3,0.3705196795221468,0.00602734390309981,cross_session_iteration_a,0.38833461445019185,0.0006658871449145493,trial_position,0.11379175757077098,0.00048209738343736483,0.12216793955578938,0.0,m2
0.2465462274176408,2.7755575615628914e-17,ridge,"[10,25)",full,3,0.42615483961964035,0.007414581421130036,cross_session_iteration_a,0.3557050248451849,0.0030713493110805508,trial_position,0.8120824444020646,0.00048644256487696255,0.824531006353259,0.0,m2
0.41091037902940136,0.0,ridge,"[25,50)",full,3,0.4186692807741686,0.00352337277661634,cross_session_iteration_a,0.1179227039645286,0.0036647395174442634,trial_position,0.04836446849548769,2.099485356719301e-06,0.03658386286855986,0.0,m2
0.17569961034360607,2.7755575615628914e-17,ridge,"[50,128)",full,3,0.07011088870581493,0.001654446424351999,cross_session_iteration_a,-0.013786468723523035,0.003988440912462591,trial_position,0.02545461244916861,2.4323736294589406e-05,0.016525892796189084,0.0,m2
0.002479631597591215,0.0,ridge,"[128,1000000000)",full,3,0.05714390434821633,0.0030839759562757262,cross_session_iteration_a,-0.05919928368233355,0.004516117399161023,trial_position,0.0003067170825081999,1.4597703791334288e-07,0.00019129842620273287,0.0,m2
