base_params_mean,base_params_std,method,n,peak_vram_bytes_mean,peak_vram_bytes_std,resource_fit_seconds_mean,resource_fit_seconds_std,ridge_allvalid_r2_mean,ridge_allvalid_r2_std,ridge_legacy_r2_mean,ridge_legacy_r2_std,task,trainable_params_mean,trainable_params_std,zero_allvalid_r2_mean,zero_allvalid_r2_std,zero_legacy_r2_mean,zero_legacy_r2_std
2750544.0,0.0,state_offset,3,697165824.0,0.0,44.96439406089485,0.43849424298579437,0.5428697347120371,0.01193617079264555,0.4730301440365157,0.01432658491591442,m1,11072.0,0.0,0.5553434527195898,0.008170116826654252,0.48817021512696374,0.010034283657681409
2750544.0,0.0,bc_dt,3,681014784.0,0.0,43.01836955919862,0.038959869781021804,0.5306327408104669,0.0014908457923844037,0.45740404478038316,0.0018165059796642106,m1,19808.0,0.0,0.5404174527893615,0.003698235269029064,0.46900101707661523,0.004408789127583949
2750544.0,0.0,memba_causal,3,815742464.0,0.0,75.25564859248698,0.9427153365651375,0.5290441237483823,0.004821549025182456,0.4552793851442695,0.006008693710562082,m1,18752.0,0.0,0.5353558529494766,0.0049176399764632945,0.4630497325561042,0.00617735098074137
2750544.0,0.0,lora,3,681117184.0,0.0,42.66557302667449,0.09250789225730949,0.5823802527625243,0.005618071968819208,0.5200749709800078,0.006859731640530861,m1,36672.0,0.0,0.5860899180041744,0.0054157890648131105,0.5245024855383666,0.006355092094454953
2750544.0,0.0,full,3,680922624.0,0.0,40.36132660244281,0.10025594194109556,0.5586927058375121,0.003942356456090521,0.49135521904715646,0.004428180192015068,m1,2750544.0,0.0,0.5547604952376587,0.004760361475581714,0.4870153646854782,0.005118374569058374
2750544.0,0.0,bc_lora,3,681014784.0,0.0,42.5907114384075,0.025717326142529244,0.5304648679797989,0.001517911317654185,0.4572018079538663,0.0018479149852240154,m1,19776.0,0.0,0.5402643953914831,0.00370052733722161,0.46881898001851624,0.004412039434548802
2750544.0,0.0,sparse_sdt_m3,3,691134464.0,0.0,41.44644249867027,0.1783426796835267,0.5501916996202131,0.002569199890342026,0.48168557079342955,0.003124273470517217,m1,15168.0,0.0,0.5567154544137691,0.0035606621729962202,0.4895438953870082,0.004126267112366552
2750544.0,0.0,none,1,680920576.0,0.0,22.54037869302556,0.0,0.48298313732818865,0.0,0.40470632689126096,0.0,m1,0.0,0.0,0.38620973747520426,0.0,0.2968053149704165,0.0
2750544.0,0.0,io,3,680922624.0,0.0,58.866570823981114,28.115054370393313,0.566524079738992,0.0029350383757349124,0.5015491471485145,0.003569670449305542,m1,21264.0,0.0,0.5649045078610481,0.0015039176711319612,0.4998289927393785,0.0017062665309434501
2755138.0,0.0,state_offset,3,695428608.0,0.0,43.536448476370424,0.5185345680244342,0.26448839844888045,0.011025886431684272,-0.034667471092601675,0.012580653398466193,m2,11144.0,0.0,0.26600498960461494,0.010592442901860047,-0.03977553326409892,0.007854303050861327
2755138.0,0.0,bc_dt,3,681145344.0,0.0,41.39279515296221,0.03500414033388537,0.23039576210743973,0.025411154323662897,-0.015829447346643304,0.01882941213938091,m2,19880.0,0.0,0.21686783986639238,0.028090308432247527,-0.03078542821548791,0.029419917531600424
2755138.0,0.0,memba_causal,3,815873024.0,0.0,72.54888893850148,0.5293368094802716,0.22060097529467593,0.01844486306231824,-0.0086998568090307,0.002314137012655807,m2,18824.0,0.0,0.19898339352676267,0.023405690899520572,-0.015376018898630273,0.004016251199774747
2755138.0,0.0,lora,3,681247744.0,0.0,41.16988530599823,0.07269366453601296,0.254651763607361,0.008753705926300051,-0.03012925354595904,0.010047962105997607,m2,36744.0,0.0,0.24253384910247444,0.007990862066213574,-0.031219598699390838,0.01107218108275722
2755138.0,0.0,full,3,681052672.0,0.0,39.219031506218016,0.15163485729018786,0.2656675129716821,0.002070841534590969,0.06093412593714842,0.0006854682899299872,m2,2755138.0,0.0,0.25323543069710047,0.002808654092738962,0.06036134612425411,0.005666823936698428
2755138.0,0.0,bc_lora,3,681145344.0,0.0,41.06353254212687,0.03137658371390145,0.23035254795576895,0.02545287033619277,-0.016795846667863972,0.019115256626492286,m2,19848.0,0.0,0.21685043006618165,0.028123554480686996,-0.03209374540449084,0.029893768906912865
2755138.0,0.0,sparse_sdt_m3,3,691854848.0,0.0,40.88644263288006,0.5562164800299487,0.2596350630546295,0.013784588968622306,-0.01915312010020583,0.012768710353164797,m2,15240.0,0.0,0.2507875380267934,0.017085363595892782,-0.0226103759641015,0.007751660400006618
2755138.0,0.0,none,1,681050624.0,0.0,22.28675081813708,0.0,0.12091760110551875,0.0,-0.22954262620544919,0.0,m2,0.0,0.0,-0.005921781341516663,0.0,-0.11946357851537392,0.0
2755138.0,0.0,io,3,681052672.0,0.0,57.83913555787876,27.983620440826563,0.20741204192309473,0.001832765472927032,0.0071195705926501525,0.0013172041563329147,m2,25858.0,0.0,0.19017487764070384,0.0027767865546498402,0.004936548391767641,0.002398383906470766
