task,run_family,condition,kind,adaptation,support_trials,session,surface,n_seeds,r2_variance_weighted_mean,r2_variance_weighted_sample_sd,seed_values
M1,profile,profile,bank,ridge,33,20120928,held_in,3,0.37500542402267456,0.013306328335775408,"[0.3687012791633606, 0.390292227268219, 0.3660227656364441]"
M1,profile,profile,bank,rls,33,20120928,held_in,3,0.37500542402267456,0.013306328335775408,"[0.3687012791633606, 0.390292227268219, 0.3660227656364441]"
M1,profile,profile,bank,zero,33,20120928,held_in,3,-1.137227217356364,1.167115628716749,"[-0.41665923595428467, -2.4837896823883057, -0.5112327337265015]"
M1,profile,profile,diag,ridge,33,20120928,held_in,3,0.3438364068667094,0.046335249224134234,"[0.35822856426239014, 0.3812677264213562, 0.29201292991638184]"
M1,profile,profile,diag,rls,33,20120928,held_in,3,0.3438364068667094,0.046335249224134234,"[0.35822856426239014, 0.3812677264213562, 0.29201292991638184]"
M1,profile,profile,diag,zero,33,20120928,held_in,3,-2.453353683153788,2.3179168881606675,"[-0.46427857875823975, -4.998834133148193, -1.8969483375549316]"
M1,profile,profile,osc,ridge,33,20120928,held_in,3,0.34315623839696247,0.00930795071411534,"[0.3534855246543884, 0.3354191780090332, 0.3405640125274658]"
M1,profile,profile,osc,rls,33,20120928,held_in,3,0.34315623839696247,0.00930795071411534,"[0.3534855246543884, 0.3354191780090332, 0.3405640125274658]"
M1,profile,profile,osc,zero,33,20120928,held_in,3,-0.9658089081446329,0.39663512723608135,"[-0.5572565793991089, -1.3493423461914062, -0.9908277988433838]"
M1,profile,profile_drop20,bank,zero,33,20120928,held_in,3,-0.3792978922526042,0.3121334652030638,"[-0.5386017560958862, -0.019656658172607422, -0.5796352624893188]"
M1,profile,profile_drop20,diag,zero,33,20120928,held_in,3,-0.9763026634852091,0.5087237083973201,"[-0.6305118799209595, -0.7379543781280518, -1.5604417324066162]"
M1,profile,profile_drop20,osc,zero,33,20120928,held_in,3,-0.7811306715011597,0.54896561018153,"[-0.7757922410964966, -0.23485374450683594, -1.3327460289001465]"
M1,profile_normalized,profile,bank,ridge,33,20120928,held_in,3,0.404421329498291,0.014163334131419961,"[0.38941138982772827, 0.4063025712966919, 0.4175500273704529]"
M1,profile_normalized,profile,bank,rls,33,20120928,held_in,3,0.404421329498291,0.014163334131419961,"[0.38941138982772827, 0.4063025712966919, 0.4175500273704529]"
M1,profile_normalized,profile,bank,zero,33,20120928,held_in,3,0.31054429213205975,0.039647111172407726,"[0.27257323265075684, 0.3516780138015747, 0.30738162994384766]"
M1,profile_normalized,profile,diag,ridge,33,20120928,held_in,3,0.3768800695737203,0.0264982220390428,"[0.3655353784561157, 0.4071619510650635, 0.3579428791999817]"
M1,profile_normalized,profile,diag,rls,33,20120928,held_in,3,0.3768800695737203,0.0264982220390428,"[0.3655353784561157, 0.4071619510650635, 0.3579428791999817]"
M1,profile_normalized,profile,diag,zero,33,20120928,held_in,3,0.23424585660298666,0.04950641245393646,"[0.20378613471984863, 0.29136890172958374, 0.2075825333595276]"
M1,profile_normalized,profile,osc,ridge,33,20120928,held_in,3,0.382559855779012,0.0035840566139318437,"[0.37888985872268677, 0.3860512971878052, 0.3827384114265442]"
M1,profile_normalized,profile,osc,rls,33,20120928,held_in,3,0.382559855779012,0.0035840566139318437,"[0.37888985872268677, 0.3860512971878052, 0.3827384114265442]"
M1,profile_normalized,profile,osc,zero,33,20120928,held_in,3,0.3432662884394328,0.03607127585074967,"[0.3027530312538147, 0.35514771938323975, 0.3718981146812439]"
M1,profile_normalized,profile_drop20,bank,zero,33,20120928,held_in,3,0.31419076522191364,0.021140502530782587,"[0.30697882175445557, 0.2975999116897583, 0.3379935622215271]"
M1,profile_normalized,profile_drop20,diag,zero,33,20120928,held_in,3,0.24000171820322672,0.010798971270293103,"[0.23393619060516357, 0.2524697780609131, 0.23359918594360352]"
M1,profile_normalized,profile_drop20,osc,zero,33,20120928,held_in,3,0.33110137780507404,0.04176352768864459,"[0.31746262311935425, 0.29786229133605957, 0.37797921895980835]"
M1,raw,raw,bank,delta,5,20120928,held_in,3,0.2613016963005066,0.0033327980037425532,"[0.25806480646133423, 0.26111751794815063, 0.2647227644920349]"
M1,raw,raw,bank,delta,10,20120928,held_in,3,0.1525517702102661,0.03627984142412802,"[0.1723678708076477, 0.174608051776886, 0.11067938804626465]"
M1,raw,raw,bank,delta,33,20120928,held_in,3,-0.01622593402862549,0.03165380151735765,"[-0.031655073165893555, -0.03720664978027344, 0.020183920860290527]"
M1,raw,raw,bank,ridge,5,20120928,held_in,3,0.2030604680379232,0.027504496792120404,"[0.2266002893447876, 0.17282694578170776, 0.20975416898727417]"
M1,raw,raw,bank,ridge,10,20120928,held_in,3,0.29328779379526776,0.06091476952537135,"[0.2668071985244751, 0.36296117305755615, 0.250095009803772]"
M1,raw,raw,bank,ridge,33,20120928,held_in,3,0.4283125201861064,0.016461670578308142,"[0.4293777346611023, 0.44421571493148804, 0.41134411096572876]"
M1,raw,raw,bank,rls,5,20120928,held_in,3,0.2030604680379232,0.027504496792120404,"[0.2266002893447876, 0.17282694578170776, 0.20975416898727417]"
M1,raw,raw,bank,rls,10,20120928,held_in,3,0.29328779379526776,0.06091476952537135,"[0.2668071985244751, 0.36296117305755615, 0.250095009803772]"
M1,raw,raw,bank,rls,33,20120928,held_in,3,0.4283125201861064,0.016461670578308142,"[0.4293777346611023, 0.44421571493148804, 0.41134411096572876]"
M1,raw,raw,bank,zero,5,20120928,held_in,3,0.05331252018610636,0.09670291465146846,"[-0.04667055606842041, 0.1463620662689209, 0.060246050357818604]"
M1,raw,raw,bank,zero,10,20120928,held_in,3,0.05331252018610636,0.09670291465146846,"[-0.04667055606842041, 0.1463620662689209, 0.060246050357818604]"
M1,raw,raw,bank,zero,33,20120928,held_in,3,0.05331252018610636,0.09670291465146846,"[-0.04667055606842041, 0.1463620662689209, 0.060246050357818604]"
M1,raw,raw,diag,delta,5,20120928,held_in,3,0.17379077275594076,0.04025513355569036,"[0.1391262412071228, 0.16430413722991943, 0.21794193983078003]"
M1,raw,raw,diag,delta,10,20120928,held_in,3,0.02446889877319336,0.01387711916818351,"[0.01195824146270752, 0.039395272731781006, 0.022053182125091553]"
M1,raw,raw,diag,delta,33,20120928,held_in,3,-0.4588026205698649,0.08869722714984049,"[-0.5597519874572754, -0.4232984781265259, -0.39335739612579346]"
M1,raw,raw,diag,ridge,5,20120928,held_in,3,0.15031246344248453,0.08978137556408755,"[0.18933576345443726, 0.04762279987335205, 0.2139788269996643]"
M1,raw,raw,diag,ridge,10,20120928,held_in,3,0.22614177068074545,0.030937531666620974,"[0.24846839904785156, 0.19082742929458618, 0.23912948369979858]"
M1,raw,raw,diag,ridge,33,20120928,held_in,3,0.39463623364766437,0.022914530751069473,"[0.4107358455657959, 0.3684018850326538, 0.40477097034454346]"
M1,raw,raw,diag,rls,5,20120928,held_in,3,0.15031246344248453,0.08978137556408755,"[0.18933576345443726, 0.04762279987335205, 0.2139788269996643]"
M1,raw,raw,diag,rls,10,20120928,held_in,3,0.22614177068074545,0.030937531666620974,"[0.24846839904785156, 0.19082742929458618, 0.23912948369979858]"
M1,raw,raw,diag,rls,33,20120928,held_in,3,0.39463623364766437,0.022914530751069473,"[0.4107358455657959, 0.3684018850326538, 0.40477097034454346]"
M1,raw,raw,diag,zero,5,20120928,held_in,3,-0.05486724774042765,0.20736597138210647,"[-0.29224371910095215, 0.03661888837814331, 0.09102308750152588]"
M1,raw,raw,diag,zero,10,20120928,held_in,3,-0.05486724774042765,0.20736597138210647,"[-0.29224371910095215, 0.03661888837814331, 0.09102308750152588]"
M1,raw,raw,diag,zero,33,20120928,held_in,3,-0.05486724774042765,0.20736597138210647,"[-0.29224371910095215, 0.03661888837814331, 0.09102308750152588]"
M1,raw,raw,gru,delta,5,20120928,held_in,3,0.30796422561009723,0.020062419447106142,"[0.3243367671966553, 0.31397145986557007, 0.2855844497680664]"
M1,raw,raw,gru,delta,10,20120928,held_in,3,0.26341646909713745,0.036265589191499845,"[0.28588640689849854, 0.22157889604568481, 0.282784104347229]"
M1,raw,raw,gru,delta,33,20120928,held_in,3,0.3268767197926839,0.09712767315835215,"[0.38464146852493286, 0.21474045515060425, 0.38124823570251465]"
M1,raw,raw,gru,ridge,5,20120928,held_in,3,0.3509625593821208,0.03877780433765277,"[0.3954736590385437, 0.3329247832298279, 0.3244892358779907]"
M1,raw,raw,gru,ridge,10,20120928,held_in,3,0.3797868490219116,0.032243170759738815,"[0.41699671745300293, 0.3622733950614929, 0.360090434551239]"
M1,raw,raw,gru,ridge,33,20120928,held_in,3,0.4222623109817505,0.017761281635110492,"[0.4422670006752014, 0.4083455801010132, 0.41617435216903687]"
M1,raw,raw,gru,rls,5,20120928,held_in,3,0.3509625593821208,0.03877780433765277,"[0.3954736590385437, 0.3329247832298279, 0.3244892358779907]"
M1,raw,raw,gru,rls,10,20120928,held_in,3,0.3797868490219116,0.032243170759738815,"[0.41699671745300293, 0.3622733950614929, 0.360090434551239]"
M1,raw,raw,gru,rls,33,20120928,held_in,3,0.4222623109817505,0.017761281635110492,"[0.4422670006752014, 0.4083455801010132, 0.41617435216903687]"
M1,raw,raw,gru,zero,5,20120928,held_in,3,0.3022398551305135,0.02733400420998032,"[0.33277684450149536, 0.29388272762298584, 0.2800599932670593]"
M1,raw,raw,gru,zero,10,20120928,held_in,3,0.3022398551305135,0.02733400420998032,"[0.33277684450149536, 0.29388272762298584, 0.2800599932670593]"
M1,raw,raw,gru,zero,33,20120928,held_in,3,0.3022398551305135,0.02733400420998032,"[0.33277684450149536, 0.29388272762298584, 0.2800599932670593]"
M1,raw,raw,osc,delta,5,20120928,held_in,3,0.2455598513285319,0.0322819825098467,"[0.2828332781791687, 0.2273041009902954, 0.2265421748161316]"
M1,raw,raw,osc,delta,10,20120928,held_in,3,0.1510696808497111,0.016590190036726564,"[0.16908860206604004, 0.1364278793334961, 0.14769256114959717]"
M1,raw,raw,osc,delta,33,20120928,held_in,3,0.1237218181292216,0.04273924619138828,"[0.08575958013534546, 0.17001217603683472, 0.11539369821548462]"
M1,raw,raw,osc,ridge,5,20120928,held_in,3,0.3257833917935689,0.042066044045858904,"[0.34862953424453735, 0.2772376537322998, 0.35148298740386963]"
M1,raw,raw,osc,ridge,10,20120928,held_in,3,0.3870292703310649,0.025541527690032956,"[0.3864480257034302, 0.36178332567214966, 0.41285645961761475]"
M1,raw,raw,osc,ridge,33,20120928,held_in,3,0.4594794710477193,0.005368812009321368,"[0.46238768100738525, 0.45328396558761597, 0.46276676654815674]"
M1,raw,raw,osc,rls,5,20120928,held_in,3,0.3257833917935689,0.042066044045858904,"[0.34862953424453735, 0.2772376537322998, 0.35148298740386963]"
M1,raw,raw,osc,rls,10,20120928,held_in,3,0.3870292703310649,0.025541527690032956,"[0.3864480257034302, 0.36178332567214966, 0.41285645961761475]"
M1,raw,raw,osc,rls,33,20120928,held_in,3,0.4594794710477193,0.005368812009321368,"[0.46238768100738525, 0.45328396558761597, 0.46276676654815674]"
M1,raw,raw,osc,zero,5,20120928,held_in,3,0.17773826917012533,0.10671056635402947,"[0.21350252628326416, 0.05773937702178955, 0.26197290420532227]"
M1,raw,raw,osc,zero,10,20120928,held_in,3,0.17773826917012533,0.10671056635402947,"[0.21350252628326416, 0.05773937702178955, 0.26197290420532227]"
M1,raw,raw,osc,zero,33,20120928,held_in,3,0.17773826917012533,0.10671056635402947,"[0.21350252628326416, 0.05773937702178955, 0.26197290420532227]"
M1,raw,raw,selective,delta,5,20120928,held_in,3,0.11158750454584758,0.026725107006013264,"[0.0810537338256836, 0.12298166751861572, 0.1307271122932434]"
M1,raw,raw,selective,delta,10,20120928,held_in,3,-0.06243638197580973,0.03294488745254967,"[-0.04142177104949951, -0.04548180103302002, -0.10040557384490967]"
M1,raw,raw,selective,delta,33,20120928,held_in,3,-0.47414882977803546,0.19559506186331024,"[-0.6714909076690674, -0.4706066846847534, -0.28034889698028564]"
M1,raw,raw,selective,ridge,5,20120928,held_in,3,0.12216353416442871,0.07123786760000313,"[0.16258347034454346, 0.039909183979034424, 0.16399794816970825]"
M1,raw,raw,selective,ridge,10,20120928,held_in,3,0.1828444004058838,0.05003701666684757,"[0.23822152614593506, 0.14088231325149536, 0.16942936182022095]"
M1,raw,raw,selective,ridge,33,20120928,held_in,3,0.37754931052525836,0.030472757814944323,"[0.4127267599105835, 0.35925400257110596, 0.3606671690940857]"
M1,raw,raw,selective,rls,5,20120928,held_in,3,0.12216353416442871,0.07123786760000313,"[0.16258347034454346, 0.039909183979034424, 0.16399794816970825]"
M1,raw,raw,selective,rls,10,20120928,held_in,3,0.1828444004058838,0.05003701666684757,"[0.23822152614593506, 0.14088231325149536, 0.16942936182022095]"
M1,raw,raw,selective,rls,33,20120928,held_in,3,0.37754931052525836,0.030472757814944323,"[0.4127267599105835, 0.35925400257110596, 0.3606671690940857]"
M1,raw,raw,selective,zero,5,20120928,held_in,3,-0.196962038675944,0.19096365006828447,"[-0.38660740852355957, -0.004706859588623047, -0.19957184791564941]"
M1,raw,raw,selective,zero,10,20120928,held_in,3,-0.196962038675944,0.19096365006828447,"[-0.38660740852355957, -0.004706859588623047, -0.19957184791564941]"
M1,raw,raw,selective,zero,33,20120928,held_in,3,-0.196962038675944,0.19096365006828447,"[-0.38660740852355957, -0.004706859588623047, -0.19957184791564941]"
M2,profile,profile,bank,ridge,33,2020-10-28-Run1,held_in,3,-0.16991190115610758,0.035656372136279285,"[-0.13297581672668457, -0.17262649536132812, -0.20413339138031006]"
M2,profile,profile,bank,rls,33,2020-10-28-Run1,held_in,3,-0.16991190115610758,0.035656372136279285,"[-0.13297581672668457, -0.17262649536132812, -0.20413339138031006]"
M2,profile,profile,bank,zero,33,2020-10-28-Run1,held_in,3,-47.93458239237467,54.36288398378632,"[-110.689697265625, -15.264808654785156, -17.849241256713867]"
M2,profile,profile,diag,ridge,33,2020-10-28-Run1,held_in,3,-0.1478519837061564,0.037002520839502326,"[-0.15971815586090088, -0.10637199878692627, -0.1774657964706421]"
M2,profile,profile,diag,rls,33,2020-10-28-Run1,held_in,3,-0.1478519837061564,0.037002520839502326,"[-0.15971815586090088, -0.10637199878692627, -0.1774657964706421]"
M2,profile,profile,diag,zero,33,2020-10-28-Run1,held_in,3,-92.87282053629558,41.2118893344097,"[-139.17393493652344, -60.205177307128906, -79.23934936523438]"
M2,profile,profile,osc,ridge,33,2020-10-28-Run1,held_in,3,-0.35436224937438965,0.059537768434126434,"[-0.2948228120803833, -0.4138983488082886, -0.35436558723449707]"
M2,profile,profile,osc,rls,33,2020-10-28-Run1,held_in,3,-0.35436224937438965,0.059537768434126434,"[-0.2948228120803833, -0.4138983488082886, -0.35436558723449707]"
M2,profile,profile,osc,zero,33,2020-10-28-Run1,held_in,3,-27.704153060913086,5.591710139434567,"[-23.34443473815918, -34.0085563659668, -25.75946807861328]"
M2,profile,profile_drop20,bank,zero,33,2020-10-28-Run1,held_in,3,-59.66722615559896,68.46117652703597,"[-138.7172393798828, -19.637989044189453, -20.64645004272461]"
M2,profile,profile_drop20,diag,zero,33,2020-10-28-Run1,held_in,3,-114.99020894368489,50.82903776230582,"[-172.78823852539062, -77.25196838378906, -94.930419921875]"
M2,profile,profile_drop20,osc,zero,33,2020-10-28-Run1,held_in,3,-34.509765625,7.456764967457746,"[-29.174598693847656, -43.030155181884766, -31.324542999267578]"
M2,profile_normalized,profile,bank,ridge,33,2020-10-28-Run1,held_in,3,-1.2398792107899983,0.13995348892878154,"[-1.3636906147003174, -1.088028907775879, -1.2679181098937988]"
M2,profile_normalized,profile,bank,rls,33,2020-10-28-Run1,held_in,3,-1.2398792107899983,0.13995348892878154,"[-1.3636906147003174, -1.088028907775879, -1.2679181098937988]"
M2,profile_normalized,profile,bank,zero,33,2020-10-28-Run1,held_in,3,-0.3383638858795166,0.11796088758532589,"[-0.4550745487213135, -0.219191312789917, -0.34082579612731934]"
M2,profile_normalized,profile,diag,ridge,33,2020-10-28-Run1,held_in,3,-0.895020604133606,0.26557189685175314,"[-1.0688238143920898, -1.0269174575805664, -0.5893205404281616]"
M2,profile_normalized,profile,diag,rls,33,2020-10-28-Run1,held_in,3,-0.895020604133606,0.26557189685175314,"[-1.0688238143920898, -1.0269174575805664, -0.5893205404281616]"
M2,profile_normalized,profile,diag,zero,33,2020-10-28-Run1,held_in,3,-0.5849599043528239,0.3615771671164758,"[-0.5772356986999512, -0.22730672359466553, -0.950337290763855]"
M2,profile_normalized,profile,osc,ridge,33,2020-10-28-Run1,held_in,3,-1.077862819035848,0.03245445927536102,"[-1.0453648567199707, -1.0779500007629395, -1.1102735996246338]"
M2,profile_normalized,profile,osc,rls,33,2020-10-28-Run1,held_in,3,-1.077862819035848,0.03245445927536102,"[-1.0453648567199707, -1.0779500007629395, -1.1102735996246338]"
M2,profile_normalized,profile,osc,zero,33,2020-10-28-Run1,held_in,3,-0.4075896342595418,0.06375750363442295,"[-0.36694908142089844, -0.3747471570968628, -0.48107266426086426]"
M2,profile_normalized,profile_drop20,bank,zero,33,2020-10-28-Run1,held_in,3,-0.44457467397054035,0.20844089951328038,"[-0.46927177906036377, -0.2248854637145996, -0.6395667791366577]"
M2,profile_normalized,profile_drop20,diag,zero,33,2020-10-28-Run1,held_in,3,-0.6131006876627604,0.4271292266290631,"[-0.6679069995880127, -0.16121363639831543, -1.0101814270019531]"
M2,profile_normalized,profile_drop20,osc,zero,33,2020-10-28-Run1,held_in,3,-0.40655783812205,0.04676440212728173,"[-0.39337778091430664, -0.3677978515625, -0.45849788188934326]"
M2,raw,raw,bank,delta,5,2020-10-28-Run1,held_in,3,-0.5489009618759155,0.29066363687641045,"[-0.29487836360931396, -0.48593926429748535, -0.8658852577209473]"
M2,raw,raw,bank,delta,10,2020-10-28-Run1,held_in,3,-3.7858707110087075,0.6429923659049038,"[-3.573065757751465, -3.2762579917907715, -4.508288383483887]"
M2,raw,raw,bank,delta,33,2020-10-28-Run1,held_in,3,-0.67365829149882,0.20719641745418355,"[-0.46158063411712646, -0.8756015300750732, -0.6837927103042603]"
M2,raw,raw,bank,ridge,5,2020-10-28-Run1,held_in,3,-0.7615849574406942,0.28507745149950203,"[-0.580275297164917, -0.6143022775650024, -1.090177297592163]"
M2,raw,raw,bank,ridge,10,2020-10-28-Run1,held_in,3,-1.651212453842163,0.34102657042016304,"[-1.6470448970794678, -1.312288761138916, -1.9943037033081055]"
M2,raw,raw,bank,ridge,33,2020-10-28-Run1,held_in,3,-1.1473579406738281,0.10173596032970057,"[-1.0834004878997803, -1.0940003395080566, -1.2646729946136475]"
M2,raw,raw,bank,rls,5,2020-10-28-Run1,held_in,3,-0.7615849574406942,0.28507745149950203,"[-0.580275297164917, -0.6143022775650024, -1.090177297592163]"
M2,raw,raw,bank,rls,10,2020-10-28-Run1,held_in,3,-1.651212453842163,0.34102657042016304,"[-1.6470448970794678, -1.312288761138916, -1.9943037033081055]"
M2,raw,raw,bank,rls,33,2020-10-28-Run1,held_in,3,-1.1473579406738281,0.10173596032970057,"[-1.0834004878997803, -1.0940003395080566, -1.2646729946136475]"
M2,raw,raw,bank,zero,5,2020-10-28-Run1,held_in,3,-2.964401880900065,0.401869858195748,"[-3.1851210594177246, -2.5005431175231934, -3.2075414657592773]"
M2,raw,raw,bank,zero,10,2020-10-28-Run1,held_in,3,-2.964401880900065,0.401869858195748,"[-3.1851210594177246, -2.5005431175231934, -3.2075414657592773]"
M2,raw,raw,bank,zero,33,2020-10-28-Run1,held_in,3,-2.964401880900065,0.401869858195748,"[-3.1851210594177246, -2.5005431175231934, -3.2075414657592773]"
M2,raw,raw,diag,delta,5,2020-10-28-Run1,held_in,3,-1.2988290786743164,0.6602128084297672,"[-1.6493504047393799, -0.5372817516326904, -1.709855079650879]"
M2,raw,raw,diag,delta,10,2020-10-28-Run1,held_in,3,-3.715821901957194,2.430332118444304,"[-6.317278861999512, -1.5035943984985352, -3.326592445373535]"
M2,raw,raw,diag,delta,33,2020-10-28-Run1,held_in,3,-0.9449939727783203,0.15580941379008403,"[-0.8620370626449585, -1.124730110168457, -0.8482147455215454]"
M2,raw,raw,diag,ridge,5,2020-10-28-Run1,held_in,3,-1.4936362504959106,0.7966177537040168,"[-1.766282320022583, -0.5964926481246948, -2.118133783340454]"
M2,raw,raw,diag,ridge,10,2020-10-28-Run1,held_in,3,-1.868261734644572,0.889486359363798,"[-2.3035333156585693, -0.8449647426605225, -2.456287145614624]"
M2,raw,raw,diag,ridge,33,2020-10-28-Run1,held_in,3,-0.9418867826461792,0.2126826962724076,"[-0.7402869462966919, -0.9212286472320557, -1.16414475440979]"
M2,raw,raw,diag,rls,5,2020-10-28-Run1,held_in,3,-1.4936362504959106,0.7966177537040168,"[-1.766282320022583, -0.5964926481246948, -2.118133783340454]"
M2,raw,raw,diag,rls,10,2020-10-28-Run1,held_in,3,-1.868261734644572,0.889486359363798,"[-2.3035333156585693, -0.8449647426605225, -2.456287145614624]"
M2,raw,raw,diag,rls,33,2020-10-28-Run1,held_in,3,-0.9418867826461792,0.2126826962724076,"[-0.7402869462966919, -0.9212286472320557, -1.16414475440979]"
M2,raw,raw,diag,zero,5,2020-10-28-Run1,held_in,3,-4.771092573801677,3.4491488559181125,"[-8.753085136413574, -2.713543653488159, -2.846648931503296]"
M2,raw,raw,diag,zero,10,2020-10-28-Run1,held_in,3,-4.771092573801677,3.4491488559181125,"[-8.753085136413574, -2.713543653488159, -2.846648931503296]"
M2,raw,raw,diag,zero,33,2020-10-28-Run1,held_in,3,-4.771092573801677,3.4491488559181125,"[-8.753085136413574, -2.713543653488159, -2.846648931503296]"
M2,raw,raw,gru,delta,5,2020-10-28-Run1,held_in,3,-0.24442819754282633,0.13694597693651078,"[-0.3253411054611206, -0.32163238525390625, -0.08631110191345215]"
M2,raw,raw,gru,delta,10,2020-10-28-Run1,held_in,3,-0.5056007703145345,0.6063601395709841,"[-0.09207844734191895, -0.2230541706085205, -1.201669692993164]"
M2,raw,raw,gru,delta,33,2020-10-28-Run1,held_in,3,-0.33640329043070477,0.26080147008229687,"[-0.6006588935852051, -0.3293520212173462, -0.07919895648956299]"
M2,raw,raw,gru,ridge,5,2020-10-28-Run1,held_in,3,-0.176942507425944,0.08781410866771017,"[-0.19257354736328125, -0.25589144229888916, -0.08236253261566162]"
M2,raw,raw,gru,ridge,10,2020-10-28-Run1,held_in,3,-0.22189958890279135,0.05574059227597482,"[-0.16469502449035645, -0.2249530553817749, -0.2760506868362427]"
M2,raw,raw,gru,ridge,33,2020-10-28-Run1,held_in,3,-0.18587255477905273,0.031411217610790236,"[-0.15247070789337158, -0.21481692790985107, -0.19033002853393555]"
M2,raw,raw,gru,rls,5,2020-10-28-Run1,held_in,3,-0.176942507425944,0.08781410866771017,"[-0.19257354736328125, -0.25589144229888916, -0.08236253261566162]"
M2,raw,raw,gru,rls,10,2020-10-28-Run1,held_in,3,-0.22189958890279135,0.05574059227597482,"[-0.16469502449035645, -0.2249530553817749, -0.2760506868362427]"
M2,raw,raw,gru,rls,33,2020-10-28-Run1,held_in,3,-0.18587255477905273,0.031411217610790236,"[-0.15247070789337158, -0.21481692790985107, -0.19033002853393555]"
M2,raw,raw,gru,zero,5,2020-10-28-Run1,held_in,3,-1.307855248451233,0.3785264075801008,"[-1.6448898315429688, -0.8983234167098999, -1.38035249710083]"
M2,raw,raw,gru,zero,10,2020-10-28-Run1,held_in,3,-1.307855248451233,0.3785264075801008,"[-1.6448898315429688, -0.8983234167098999, -1.38035249710083]"
M2,raw,raw,gru,zero,33,2020-10-28-Run1,held_in,3,-1.307855248451233,0.3785264075801008,"[-1.6448898315429688, -0.8983234167098999, -1.38035249710083]"
M2,raw,raw,osc,delta,5,2020-10-28-Run1,held_in,3,-0.45455340544382733,0.021935158550955985,"[-0.45819520950317383, -0.47443974018096924, -0.43102526664733887]"
M2,raw,raw,osc,delta,10,2020-10-28-Run1,held_in,3,-1.875233809153239,0.16485099237640558,"[-1.9978442192077637, -1.9400272369384766, -1.6878299713134766]"
M2,raw,raw,osc,delta,33,2020-10-28-Run1,held_in,3,-0.6155637900034586,0.14039914463841494,"[-0.4763599634170532, -0.7571284770965576, -0.6132029294967651]"
M2,raw,raw,osc,ridge,5,2020-10-28-Run1,held_in,3,-0.6005788644154867,0.044047546975925105,"[-0.606772780418396, -0.6412016153335571, -0.5537621974945068]"
M2,raw,raw,osc,ridge,10,2020-10-28-Run1,held_in,3,-1.0315433740615845,0.10843331445871021,"[-1.0517833232879639, -1.1284306049346924, -0.9144161939620972]"
M2,raw,raw,osc,ridge,33,2020-10-28-Run1,held_in,3,-0.8720322847366333,0.03699777759059048,"[-0.8697521686553955, -0.9101173877716064, -0.836227297782898]"
M2,raw,raw,osc,rls,5,2020-10-28-Run1,held_in,3,-0.6005788644154867,0.044047546975925105,"[-0.606772780418396, -0.6412016153335571, -0.5537621974945068]"
M2,raw,raw,osc,rls,10,2020-10-28-Run1,held_in,3,-1.0315433740615845,0.10843331445871021,"[-1.0517833232879639, -1.1284306049346924, -0.9144161939620972]"
M2,raw,raw,osc,rls,33,2020-10-28-Run1,held_in,3,-0.8720322847366333,0.03699777759059048,"[-0.8697521686553955, -0.9101173877716064, -0.836227297782898]"
M2,raw,raw,osc,zero,5,2020-10-28-Run1,held_in,3,-1.7135828336079915,0.2617747881521476,"[-1.952946424484253, -1.7537598609924316, -1.43404221534729]"
M2,raw,raw,osc,zero,10,2020-10-28-Run1,held_in,3,-1.7135828336079915,0.2617747881521476,"[-1.952946424484253, -1.7537598609924316, -1.43404221534729]"
M2,raw,raw,osc,zero,33,2020-10-28-Run1,held_in,3,-1.7135828336079915,0.2617747881521476,"[-1.952946424484253, -1.7537598609924316, -1.43404221534729]"
M2,raw,raw,selective,delta,5,2020-10-28-Run1,held_in,3,-1.253488302230835,0.5349138140940712,"[-1.110839605331421, -0.8043596744537354, -1.8452656269073486]"
M2,raw,raw,selective,delta,10,2020-10-28-Run1,held_in,3,-3.4524947802225747,1.3889154968660602,"[-4.933560848236084, -2.179121494293213, -3.2448019981384277]"
M2,raw,raw,selective,delta,33,2020-10-28-Run1,held_in,3,-0.8424657185872396,0.3716694177780454,"[-0.48084747791290283, -1.2234306335449219, -0.823119044303894]"
M2,raw,raw,selective,ridge,5,2020-10-28-Run1,held_in,3,-0.9844394127527872,0.7883991581258263,"[-0.38243329524993896, -0.6940333843231201, -1.8768515586853027]"
M2,raw,raw,selective,ridge,10,2020-10-28-Run1,held_in,3,-1.1968131065368652,0.9140829114148689,"[-0.2792854309082031, -1.2037420272827148, -2.1074118614196777]"
M2,raw,raw,selective,ridge,33,2020-10-28-Run1,held_in,3,-0.7902101278305054,0.4547141654957008,"[-0.2680319547653198, -1.0988643169403076, -1.0037341117858887]"
M2,raw,raw,selective,rls,5,2020-10-28-Run1,held_in,3,-0.9844394127527872,0.7883991581258263,"[-0.38243329524993896, -0.6940333843231201, -1.8768515586853027]"
M2,raw,raw,selective,rls,10,2020-10-28-Run1,held_in,3,-1.1968131065368652,0.9140829114148689,"[-0.2792854309082031, -1.2037420272827148, -2.1074118614196777]"
M2,raw,raw,selective,rls,33,2020-10-28-Run1,held_in,3,-0.7902101278305054,0.4547141654957008,"[-0.2680319547653198, -1.0988643169403076, -1.0037341117858887]"
M2,raw,raw,selective,zero,5,2020-10-28-Run1,held_in,3,-15.72862195968628,14.747127066721355,"[-32.2739143371582, -10.94420337677002, -3.9677481651306152]"
M2,raw,raw,selective,zero,10,2020-10-28-Run1,held_in,3,-15.72862195968628,14.747127066721355,"[-32.2739143371582, -10.94420337677002, -3.9677481651306152]"
M2,raw,raw,selective,zero,33,2020-10-28-Run1,held_in,3,-15.72862195968628,14.747127066721355,"[-32.2739143371582, -10.94420337677002, -3.9677481651306152]"
