base_parameters,best_steps,completed_steps,direct_gain_over_same_profile_none,direct_seed_gains_over_none,fit_seconds_mean,initial_trainable_parameters,method,n,normalizer,paired_direct_gain_over_old_recording_mean,paired_direct_gain_over_old_recording_population_sd,paired_direct_seed_gains_over_old_recording,peak_cuda_allocated_mb_max,peak_trainable_parameters,policy,profile,ridge_all_valid_r2_mean,ridge_all_valid_r2_population_sd,ridge_legacy_r2_mean,ridge_legacy_r2_population_sd,selected_lr,task,validation_split,zero_all_valid_r2_mean,zero_all_valid_r2_population_sd,zero_legacy_r2_mean,zero_legacy_r2_population_sd
2750544,"[400, 600, 500]","[2000, 2000, 2000]",-0.0581540937571291,"[-0.04948897768923011, -0.06899016818742654, -0.055983135394730654]",46.67242169581974,128,affine,3,support,,,,656.87548828125,128,trial_causal_fixed_window,a_trial,0.61744326346654,0.007126004707725546,0.5633142400528545,0.008808379411565091,0.003,m1,interleaved,0.6154141481128487,0.008107975615412578,0.5623062138097905,0.0101909745486608
2750544,"[200, 200, 200]","[2000, 2000, 2000]",-0.024930754570947067,"[-0.03320035136339716, -0.023270476733879608, -0.01832143561556443]",53.29779146146029,37056,affine_lora,3,support,,,,657.06103515625,37056,trial_causal_fixed_window,a_trial,0.6540957520167175,0.005125571090936794,0.6073540106744775,0.006203325496488632,0.0003,m1,interleaved,0.6486374872990307,0.006186702154889375,0.6025121002435391,0.007112256755430918
2750544,"[400, 400, 400]","[2000, 2000, 2000]",-0.03236160791836229,"[-0.03388326850465595, -0.030151721534477538, -0.03304983371595327]",64.65085036338617,21264,full,3,support,,,,648.87451171875,2750544,trial_causal_fixed_window,a_trial,0.6487380625201268,0.0007975721997625955,0.6014530161630119,0.0010431195399814594,0.0001,m1,interleaved,0.6412066339516155,0.001599239769184985,0.5944485783283341,0.0016696335356559434
2750544,"[100, 100, 100]","[2000, 2000, 2000]",-0.015522703486072653,"[-0.015542446497803786, -0.015304762898421087, -0.015720901061992976]",72.49254143346722,21264,io,3,support,,,,648.87451171875,21264,trial_causal_fixed_window,a_trial,0.6633100249499387,0.0012946034523958346,0.6192313625585616,0.0015456587128611279,0.0003,m1,interleaved,0.6580455383839051,0.0001704603232024172,0.6150724780343836,0.0005967777578829608
2750544,"[200, 200, 200]","[2000, 2000, 2000]",-0.022568964184417784,"[-0.030121111429508907, -0.021641185558574638, -0.015944595565169806]",53.163203977203615,36928,lora,3,support,,,,649.06005859375,36928,trial_causal_fixed_window,a_trial,0.6566113375938025,0.0047891938393372704,0.6105070703641703,0.005772735179417874,0.0003,m1,interleaved,0.65099927768556,0.0058246018689058964,0.6054726401820294,0.006674109031004438
2750544,[0],[0],0.0,[0.0],5.140406114980578,0,none,1,support,,,,648.87451171875,0,trial_causal_fixed_window,a_trial,0.6727387526977453,0.0,0.6304715709960199,0.0,0.0,m1,interleaved,0.6735682418699778,0.0,0.6319512076913142,0.0
2750544,"[300, 200, 200]","[2000, 2000, 2000]",-0.03174052084301271,"[-0.03168300180038042, -0.03359318446798576, -0.02994537626067184]",61.40057989116758,8832,offset_original,3,support,,,,656.90869140625,8832,trial_causal_fixed_window,a_trial,0.6466735072975355,0.0015420426062403379,0.5987659371259615,0.001922448308953828,0.001,m1,interleaved,0.6418277210269651,0.001489766762401796,0.5943885700958317,0.002055440074390675
2750544,"[900, 800, 800]","[2000, 2000, 2000]",-0.029675286856852945,"[-0.027421117558873442, -0.0318646553492925, -0.029740087662392778]",56.95298603735864,8832,offset_rotated,3,support,,,,664.28759765625,8832,trial_causal_fixed_window,a_trial,0.6483031318516043,0.0009015069444368238,0.6009840292403217,0.001123921373600199,0.0003,m1,interleaved,0.6438929550131248,0.0018146453063926917,0.5979093060871278,0.00221628292105109
2755138,"[700, 800, 800]","[2000, 2000, 2000]",0.06587481965023234,"[0.06708505126086528, 0.06406127287580254, 0.0664781348140292]",47.42032769819101,192,affine,3,support,,,,660.74951171875,192,trial_causal_fixed_window,a_trial,0.3073089116313452,0.0018632495482376354,-0.09016339859835669,0.002578955373616431,0.0003,m2,interleaved,0.2996680351130797,0.0013060885168174412,-0.04673167226729199,0.001425835145377846
2755138,"[2100, 700, 3900]","[4000, 2000, 8000]",0.09063943313748829,"[0.09009976802968289, 0.06035361397448413, 0.12146491740829779]",83.58255308525015,37192,affine_lora,3,support,,,,660.935546875,37192,trial_causal_fixed_window,a_trial,0.3311950341167364,0.02378731227256831,-0.016662709001169358,0.056822548074291275,0.001,m2,interleaved,0.32443264860033566,0.024951503370423036,-0.009565057386158241,0.052141496346943365
2755138,"[1400, 1200, 1300]","[2000, 2000, 2000]",0.11183471940713174,"[0.11575073434835159, 0.10938071007717887, 0.11037271379586466]",50.32315530255437,25858,full,3,support,,,,648.74853515625,2755138,trial_causal_fixed_window,a_trial,0.35189388660362614,0.0027095346026774787,-0.013949114567675336,0.0040359022702804335,0.0001,m2,interleaved,0.3456279348699791,0.002798499313246851,-0.005657330443017712,0.004017066411028468
2755138,"[100, 100, 100]","[2000, 2000, 2000]",0.03836089046768737,"[0.041173168968294926, 0.035714279878940824, 0.0381952225558263]",73.28584177047014,25858,io,3,support,,,,648.74853515625,25858,trial_causal_fixed_window,a_trial,0.29123587452263877,0.0022068536102450554,-0.00458128901023569,0.0015707510939294272,0.0003,m2,interleaved,0.27215410593053474,0.0022316588621072316,-0.007620140558930899,0.0011842656397965225
2755138,"[700, 200, 700]","[2000, 2000, 2000]",0.08528131787862753,"[0.09957678881702425, 0.06237260666404565, 0.09389455815481262]",53.21220317125941,37000,lora,3,support,,,,648.9345703125,37000,trial_causal_fixed_window,a_trial,0.3238034598751962,0.015512897696840115,-0.02917277495555311,0.016955899438770818,0.003,m2,interleaved,0.3190745333414749,0.016364162540125623,-0.021225506397962574,0.013278080135666935
2755138,[0],[0],0.0,[0.0],6.696896611247212,0,none,1,support,,,,648.74853515625,0,trial_causal_fixed_window,a_trial,0.2500762112729088,0.0,-0.02733651911688395,0.0,0.0,m2,interleaved,0.23379321546284737,0.0,-0.05936709567753273,0.0
2755138,"[5500, 2300, 3800]","[8000, 4000, 8000]",0.09970335436914496,"[0.11572860781792615, 0.08407956240447167, 0.0993018928850371]",106.83687504737948,8896,offset_original,3,support,,,,660.78271484375,8896,trial_causal_fixed_window,a_trial,0.3479635045714855,0.010518797708960288,0.009463342586481552,0.006648684543973301,0.001,m2,interleaved,0.33349656983199233,0.012923786787371121,0.010025796497803293,0.011445047766053068
2755138,"[3800, 2500, 3700]","[8000, 4000, 8000]",0.08125859880794034,"[0.0876645661213814, 0.06887597227654907, 0.0872352580258906]",117.92266329765941,8896,offset_rotated,3,support,,,,662.84912109375,8896,trial_causal_fixed_window,a_trial,0.3252517621462116,0.006992876362614963,0.001775611158558954,0.033841030579554184,0.003,m2,interleaved,0.3150518142707877,0.008757593132900922,0.0034115158188808836,0.03449992370372982
2750544,"[200, 200, 200]","[2000, 2000, 2000]",-0.03670549083343022,"[-0.04200391942204884, -0.0318712873059509, -0.03624126577229092]",53.3235939204072,37056,affine_lora,3,support,,,,753.97265625,37056,recording_causal_fixed_window,old,0.6410753173418083,0.002121450916838877,0.5972630411705837,0.002546725576800532,0.0003,m1,interleaved,0.6340678516288274,0.004149633484263977,0.5925216865675869,0.004939655716210382
2750544,"[200, 100, 300]","[2000, 2000, 2000]",-0.028236483650565525,"[-0.03483561607357977, -0.018169594459705896, -0.03170424041841102]",72.44685010192916,21264,io,3,support,,,,745.7861328125,21264,recording_causal_fixed_window,old,0.6470242465763736,0.004709234225953615,0.6052600592268403,0.005628421860955142,0.0003,m1,interleaved,0.6425368588116921,0.007232245933282932,0.6025865713327825,0.008555400708162589
2750544,"[200, 200, 200]","[2000, 2000, 2000]",-0.03453285741667633,"[-0.039305869550818495, -0.03054483251952156, -0.033747870179689055]",53.19352925987914,36928,lora,3,support,,,,745.9716796875,36928,recording_causal_fixed_window,old,0.6435921335902565,0.001554321743834081,0.6006526372292025,0.0019266006455152048,0.0003,m1,interleaved,0.6362404850455813,0.0036194931677988465,0.5955656319657221,0.004322624674810954
2750544,[0],[0],0.0,[0.0],5.122194703202695,0,none,1,support,,,,745.7861328125,0,recording_causal_fixed_window,old,0.6606428872205447,0.0,0.620663507029686,0.0,0.0,m1,interleaved,0.6707733424622576,0.0,0.6332165855318933,0.0
2750544,"[200, 200, 200]","[2000, 2000, 2000]",-0.04249136349699034,"[-0.045806835103743615, -0.046092056232428624, -0.035575199154798676]",53.404822422501944,8832,offset_original,3,support,,,,753.8203125,8832,recording_causal_fixed_window,old,0.6352624560894903,0.003967705020230488,0.5893976537606364,0.004760399156848211,0.001,m1,interleaved,0.6282819789652673,0.00489185272871907,0.5842914796545976,0.005744995870631107
2755138,"[100, 2100, 100]","[2000, 4000, 2000]",0.09810701473881817,"[0.07606767917000479, 0.13904839586414552, 0.07920496918230424]",60.919132965927325,37192,affine_lora,3,support,,,,674.072265625,37192,recording_causal_fixed_window,old,0.3212667892659525,0.026133568315342796,-0.0951637195129263,0.09407310443906616,0.001,m2,interleaved,0.31463082936176073,0.02897824659398035,-0.10321726533355495,0.1005603156147848
2755138,"[100, 100, 100]","[2000, 2000, 2000]",0.0798818778070422,"[0.08017628491798556, 0.0799576558500571, 0.079511692653084]",73.03531824424863,25858,io,3,support,,,,661.88525390625,25858,recording_causal_fixed_window,old,0.2984999402685374,0.000327236833606927,-0.12589980082635063,0.0014552723487615286,0.0003,m2,interleaved,0.29640569242998477,0.00027655916002924377,-0.11721443375007468,0.0037486786980549885
2755138,"[100, 700, 100]","[2000, 2000, 2000]",0.11729771023014607,"[0.10933831528797844, 0.1296463860425504, 0.11290842935990941]",53.25010871235281,37000,lora,3,support,,,,662.0712890625,37000,recording_causal_fixed_window,old,0.3398271108066724,0.007433664582518406,-0.06101981024010624,0.0706162769607614,0.003,m2,interleaved,0.33382152485308864,0.008852637059526183,-0.0625867880172164,0.07573040970476047
2755138,[0],[0],0.0,[0.0],6.740742534399033,0,none,1,support,,,,661.88525390625,0,recording_causal_fixed_window,old,0.24389811871033285,0.0,-0.032601119471050266,0.0,0.0,m2,interleaved,0.21652381462294257,0.0,-0.02685092895664809,0.0
2755138,"[700, 500, 200]","[2000, 2000, 2000]",0.049514855155220916,"[0.04129924042149413, 0.04246384310211804, 0.06478148194205058]",53.879705294656254,8896,offset_original,3,support,,,,673.91943359375,8896,recording_causal_fixed_window,old,0.2686985850231156,0.0024446799081968154,-0.18280328865127457,0.025501004310035755,0.001,m2,interleaved,0.2660386697781635,0.010805600243614044,-0.17150223002950696,0.024285425897631573
362272,"[100, 100, 100]","[2000, 2000, 2000]",0.03015895768004484,"[0.032702298781578154, 0.029472333543224427, 0.02830224071533205]",40.216466260608286,10464,affine_lora,3,support,0.08843401545646017,0.0056967728250197115,"[0.09627578514661206, 0.08291318779216039, 0.08611307343060803]",574.91796875,10464,recording_causal_fixed_window,small,0.7215893730603226,0.0016445405819456812,0.6892780631007892,0.0018983224994618293,0.0003,m1,interleaved,0.7225018670852875,0.0018607735444401742,0.690582440719936,0.002110948747695948
362272,"[100, 100, 100]","[2000, 2000, 2000]",0.028415427265308768,"[0.029232240181799485, 0.02703769693442748, 0.02897634467969934]",64.6778804898883,10640,io,3,support,0.0782214778588594,0.008209867577952645,"[0.08563742319836432, 0.06677685833711844, 0.08225015204109543]",566.8642578125,10640,recording_causal_fixed_window,small,0.7269759506691212,0.0007344313846935679,0.6959266812423096,0.0008457782831401675,0.0003,m1,interleaved,0.7207583366705514,0.0009797878258315145,0.6887836945570974,0.0010828017061700512
362272,"[100, 100, 100]","[2000, 2000, 2000]",0.03060096897052189,"[0.03299224605783946, 0.030033254934921705, 0.028777405918804844]",40.411686525059245,10336,lora,3,support,0.08670339333018344,0.005127908341641934,"[0.09386768255164302, 0.08214765439742833, 0.08409484304147896]",566.9169921875,10336,recording_causal_fixed_window,small,0.7220053775508125,0.0015252095825295934,0.689821202593308,0.0017729037877984688,0.0003,m1,interleaved,0.7229438783757646,0.0017669076129531154,0.6910710976478568,0.0020195334912657247
362272,[0],[0],0.0,[0.0],4.91720161261037,0,none,1,support,0.021569566942985063,0.0,[0.021569566942985063],566.8642578125,0,recording_causal_fixed_window,small,0.7224897169724517,0.0,0.691372576094938,0.0,0.0,m1,interleaved,0.6923429094052427,0.0,0.6509792554498357,0.0
362272,"[500, 500, 500]","[2000, 2000, 2000]",0.024875819483952788,"[0.026276444846136116, 0.02404436292951484, 0.024306650676207076]",39.77491222275421,2432,offset_original,3,support,0.08893674992392804,0.00535227216585398,"[0.0936528468928648, 0.09170598610492853, 0.08145141677399081]",574.8740234375,2432,recording_causal_fixed_window,small,0.7180322261245241,0.0008280056081307096,0.6836204922298874,0.0008827605459264235,0.001,m1,interleaved,0.7172187288891955,0.0009961633967075344,0.6834052609238911,0.0011073884236400431
364562,"[200, 100, 100]","[2000, 2000, 2000]",0.029121255964450643,"[0.014719956322097438, 0.03049301564965845, 0.042150795921596096]",41.27566093563413,10600,affine_lora,3,support,0.0841324516576486,0.029685690644620948,"[0.09177048758410877, 0.04456283021752905, 0.11606403717130798]",495.17626953125,10600,recording_causal_fixed_window,small,0.4293470016716672,0.010518293418653218,0.03174623451954802,0.023635266561182075,0.001,m2,interleaved,0.39876328101940933,0.01124052293441982,-0.022039999386635256,0.028840606422552626
364562,"[700, 500, 400]","[2000, 2000, 2000]",-0.003429473834640817,"[0.002638081312088869, -0.004846757503508714, -0.008079745312502551]",65.70374392252415,12930,io,3,support,0.0698068587903331,0.0042378300445180634,"[0.07558000682611943, 0.06831379707845031, 0.06552677246642957]",483.1220703125,12930,recording_causal_fixed_window,small,0.3940588352354116,0.002114238514501138,0.0022710765830502577,0.018206254138943057,0.0003,m2,interleaved,0.3662125512203179,0.0044888359023418645,-0.043319413521497076,0.02679229505686706
364562,"[100, 900, 100]","[2000, 2000, 2000]",0.016997589099681687,"[0.0211323226846738, -0.001840787898068963, 0.03170123251244006]",41.37621943637108,10408,lora,3,support,0.052818089301551664,0.022236906000993307,"[0.06491221782871148, 0.02163103649139675, 0.07191101358454677]",483.17529296875,10408,recording_causal_fixed_window,small,0.40974830002105794,0.01511911697037141,0.06969607569502867,0.041839425431467146,0.003,m2,interleaved,0.3866396141546404,0.014002114118206045,0.03200898862667741,0.05245294822158464
364562,[0],[0],0.0,[0.0],6.50576840294525,0,none,1,support,0.15311821043201612,0.0,[0.15311821043201612],483.1220703125,0,recording_causal_fixed_window,small,0.38174727404237985,0.0,-0.1729793753844846,0.0,0.0,m2,interleaved,0.3696420250549587,0.0,-0.23154350357657516,0.0
364562,"[500, 700, 600]","[2000, 2000, 2000]",0.02024708071603165,"[0.019825255305851885, 0.021846922445650674, 0.019069064396592394]",41.356918443615236,2496,offset_original,3,support,0.12385043599282686,0.011633381710726925,"[0.13164422531637388, 0.13250128977554876, 0.10740579288655794]",495.1318359375,2496,recording_causal_fixed_window,small,0.412489007109845,0.0004972336454175364,-0.12087126654612423,0.023242623053328613,0.001,m2,interleaved,0.38988910577099034,0.0011726256415083953,-0.1634105549480643,0.02837392009189105
2750544,"[100, 100, 100]","[2000, 2000, 2000]",0.0417501305785708,"[0.042238026074432944, 0.04063166670981999, 0.04238069895145946]",53.54476250754669,37056,affine_lora,3,support,0.09891309129061465,0.0047938664158188316,"[0.10469941537509542, 0.09296042389438453, 0.09907943460236401]",753.97265625,37056,recording_causal_fixed_window,wide,0.7298599140925354,0.00015273912677110708,0.7000201282184045,0.0001752225880814672,0.0003,m1,interleaved,0.732980942919442,0.0007930153242468579,0.7052079221645479,0.0008461057380880038
2750544,"[100, 100, 100]","[2000, 2000, 2000]",0.03270254846089293,"[0.03281486260454258, 0.034328084889142074, 0.03096469788899414]",72.4957313669535,21264,io,3,support,0.08139650199007213,0.006305884207806522,"[0.08810794855673598, 0.0729551492274616, 0.0831264081860188]",745.7861328125,21264,recording_causal_fixed_window,wide,0.7260920197386093,9.12765160379134e-05,0.6953758624916958,0.00012127748637144863,0.0003,m1,interleaved,0.7239333608017642,0.0013753917934753097,0.6954484324674627,0.0006113504141664444
2750544,"[100, 100, 100]","[2000, 2000, 2000]",0.04197001367979003,"[0.042325370478799806, 0.04087425008532586, 0.042710420475244426]",53.08922555561488,36928,lora,3,support,0.09696034097508004,0.004169214984374655,"[0.10208870990823193, 0.09187655248346105, 0.09691576053354711]",745.9716796875,36928,recording_causal_fixed_window,wide,0.729882039394811,0.000276563874607883,0.7000677552063784,0.0003258550402774786,0.0003,m1,interleaved,0.7332008260206613,0.0007906070520620139,0.7055296401873082,0.0008179185842479012
2750544,[0],[0],0.0,[0.0],5.126372712664306,0,none,1,support,0.020457469878613632,0.0,[0.020457469878613632],745.7861328125,0,recording_causal_fixed_window,wide,0.710288007013743,0.0,0.6764316730995964,0.0,0.0,m1,interleaved,0.6912308123408712,0.0,0.6503181816066612,0.0
2750544,"[200, 200, 200]","[2000, 2000, 2000]",0.022337375212766686,"[0.018243433314108826, 0.02454921870314075, 0.02421947362105059]",53.853900590445846,8832,offset_original,3,support,0.08528620858837066,0.004462189791223194,"[0.08450773829646607, 0.09109874481418301, 0.0802521426544629]",753.8203125,8832,recording_causal_fixed_window,wide,0.7113883459155783,0.0020751963450022213,0.6784290907489781,0.0025948304483570084,0.001,m1,interleaved,0.7135681875536379,0.002897982419659194,0.6817493515044789,0.0033707171709041095
2755138,"[1300, 100, 100]","[2000, 2000, 2000]",0.040570838622074834,"[0.03477072363976297, 0.040309483230683396, 0.04663230899577819]",53.57562754893055,37192,affine_lora,3,support,0.16267417525602912,0.02935163203481435,"[0.17891339584253063, 0.12147143873931032, 0.1876376911862464]",674.072265625,37192,recording_causal_fixed_window,wide,0.4867265835238519,0.007692521044766565,-0.05029491686344204,0.0474001615724218,0.001,m2,interleaved,0.47730500461778985,0.004845997095195563,-0.0714897686547374,0.045237383569593
2755138,"[100, 100, 100]","[2000, 2000, 2000]",0.023441917213647023,"[0.023878771837069657, 0.02581235039326979, 0.02063462941060168]",73.42344168170045,25858,io,3,support,0.16377039077937727,0.0019343562936163872,"[0.16391283829185654, 0.16606504591598514, 0.16133328813029013]",661.88525390625,25858,recording_causal_fixed_window,wide,0.47356105710123053,0.0008865405621860618,-0.038645490984071294,0.005978152598974638,0.0003,m2,interleaved,0.46017608320936204,0.002136247506742402,-0.07198219859311705,0.012310447603540511
2755138,"[500, 200, 100]","[2000, 2000, 2000]",0.049679577405715214,"[0.05303774884788848, 0.03535466863978609, 0.06064631472947124]",53.628675796712436,37000,lora,3,support,0.15259221854834162,0.018932993405654814,"[0.1639097849326825, 0.12591863397000813, 0.16794823674233428]",662.0712890625,37000,recording_causal_fixed_window,wide,0.49243090572199316,0.008640613697583456,-0.01857827294598931,0.03530157624528016,0.003,m2,interleaved,0.48641374340143023,0.01059480460910731,-0.039432478475294776,0.03754698797442739
2755138,[0],[0],0.0,[0.0],6.767743618693203,0,none,1,support,0.22021035137277245,0.0,[0.22021035137277245],661.88525390625,0,recording_causal_fixed_window,wide,0.44788079086699595,0.0,-0.08647584801898578,0.0,0.0,m2,interleaved,0.436734165995715,0.0,-0.04450076890720922,0.0
2755138,"[100, 100, 100]","[2000, 2000, 2000]",0.05445374558558408,"[0.054272689276867236, 0.057017292180275625, 0.05207125529960943]",53.66290774227431,8896,offset_original,3,support,0.22514924180313564,0.012496468841587869,"[0.23318380022814555, 0.23476380045093004, 0.2075001247303313]",673.91943359375,8896,recording_causal_fixed_window,wide,0.49458469725818316,0.0016178515261499361,-0.03777620012101246,0.014231027698043203,0.001,m2,interleaved,0.4911879115812991,0.002023265717665737,-0.02951735330146832,0.015336881003883166
