allvalid_index_hash,allvalid_truth_hash,base_params,best_step,fit,legacy_index_hash,legacy_truth_hash,method,normalizer_sha256,peak_vram_bytes,policy,prefix_val_r2,pretrained_sha256,resource_fit_seconds,ridge_allvalid_r2,ridge_legacy_r2,seed,support_index_hash,support_truth_hash,task,trainable_params,zero_allvalid_r2,zero_legacy_r2
5b8be6ddfbd58edc28097c500b5e52532db4a711b2f2537a3c4c6cbc92936728,8b7af717e9af1e37f4e57150fcdd5995e0f687e02ff743b02dba3e21ddda05dd,2750544,1000,results/peft_round1/official_w256_l4_n32/m1/state_offset_seed0,ef8b4e2f5540a3bc9635da95f2e610b92ae571a8292b36c373be41bd0f319884,fae19ffae0ff8dad1daf47ea583dae1db9435186789eccceb31ccaa2b3462885,state_offset,626eb44ce1c5692d3f5d9ba75df51c505212d77148c829ce9dacc8a4427b6a82,697165824.0,trial_causal_fixed_window,0.783784806728363,618ad86980e482dfaa4b0bfe038949890b53d7914d858eae76a58944fe4b4f63,45.5841637738049,0.5550454151553632,0.48769165489976807,0,b72dba800f930259241d7e8681746adbf1a78ae0190a3f06b8c011c278780944,3974ea4ac4438b08f18dfa934c0b81d1ca809b6269e7ce5bb96edb1affff3019,m1,11072,0.5638871585076068,0.4987221370833872
5b8be6ddfbd58edc28097c500b5e52532db4a711b2f2537a3c4c6cbc92936728,8b7af717e9af1e37f4e57150fcdd5995e0f687e02ff743b02dba3e21ddda05dd,2750544,1000,results/peft_round1/official_w256_l4_n32/m1/state_offset_seed1,ef8b4e2f5540a3bc9635da95f2e610b92ae571a8292b36c373be41bd0f319884,fae19ffae0ff8dad1daf47ea583dae1db9435186789eccceb31ccaa2b3462885,state_offset,626eb44ce1c5692d3f5d9ba75df51c505212d77148c829ce9dacc8a4427b6a82,697165824.0,trial_causal_fixed_window,0.7838670611381531,618ad86980e482dfaa4b0bfe038949890b53d7914d858eae76a58944fe4b4f63,44.6726731499657,0.546907251970153,0.47780957553302617,1,b72dba800f930259241d7e8681746adbf1a78ae0190a3f06b8c011c278780944,3974ea4ac4438b08f18dfa934c0b81d1ca809b6269e7ce5bb96edb1affff3019,m1,11072,0.5578080701177759,0.4911114909138319
5b8be6ddfbd58edc28097c500b5e52532db4a711b2f2537a3c4c6cbc92936728,8b7af717e9af1e37f4e57150fcdd5995e0f687e02ff743b02dba3e21ddda05dd,2750544,1000,results/peft_round1/official_w256_l4_n32/m1/bc_dt_seed2,ef8b4e2f5540a3bc9635da95f2e610b92ae571a8292b36c373be41bd0f319884,fae19ffae0ff8dad1daf47ea583dae1db9435186789eccceb31ccaa2b3462885,bc_dt,626eb44ce1c5692d3f5d9ba75df51c505212d77148c829ce9dacc8a4427b6a82,681014784.0,trial_causal_fixed_window,0.7847408652305603,618ad86980e482dfaa4b0bfe038949890b53d7914d858eae76a58944fe4b4f63,43.072743277065456,0.5290390103646558,0.4555013273657813,2,b72dba800f930259241d7e8681746adbf1a78ae0190a3f06b8c011c278780944,3974ea4ac4438b08f18dfa934c0b81d1ca809b6269e7ce5bb96edb1affff3019,m1,19808,0.5409987247134651,0.4694720341278841
5b8be6ddfbd58edc28097c500b5e52532db4a711b2f2537a3c4c6cbc92936728,8b7af717e9af1e37f4e57150fcdd5995e0f687e02ff743b02dba3e21ddda05dd,2750544,850,results/peft_round1/official_w256_l4_n32/m1/memba_causal_seed1,ef8b4e2f5540a3bc9635da95f2e610b92ae571a8292b36c373be41bd0f319884,fae19ffae0ff8dad1daf47ea583dae1db9435186789eccceb31ccaa2b3462885,memba_causal,626eb44ce1c5692d3f5d9ba75df51c505212d77148c829ce9dacc8a4427b6a82,815742464.0,trial_causal_fixed_window,0.79903244972229,618ad86980e482dfaa4b0bfe038949890b53d7914d858eae76a58944fe4b4f63,76.56951115094125,0.5234778264130411,0.4481719534865072,1,b72dba800f930259241d7e8681746adbf1a78ae0190a3f06b8c011c278780944,3974ea4ac4438b08f18dfa934c0b81d1ca809b6269e7ce5bb96edb1affff3019,m1,18752,0.5291151697551589,0.4550684702894544
5b8be6ddfbd58edc28097c500b5e52532db4a711b2f2537a3c4c6cbc92936728,8b7af717e9af1e37f4e57150fcdd5995e0f687e02ff743b02dba3e21ddda05dd,2750544,800,results/peft_round1/official_w256_l4_n32/m1/lora_seed2,ef8b4e2f5540a3bc9635da95f2e610b92ae571a8292b36c373be41bd0f319884,fae19ffae0ff8dad1daf47ea583dae1db9435186789eccceb31ccaa2b3462885,lora,626eb44ce1c5692d3f5d9ba75df51c505212d77148c829ce9dacc8a4427b6a82,681117184.0,trial_causal_fixed_window,0.7963963150978088,618ad86980e482dfaa4b0bfe038949890b53d7914d858eae76a58944fe4b4f63,42.78507086774334,0.575423395569248,0.5116838578539964,2,b72dba800f930259241d7e8681746adbf1a78ae0190a3f06b8c011c278780944,3974ea4ac4438b08f18dfa934c0b81d1ca809b6269e7ce5bb96edb1affff3019,m1,36672,0.5796686864778632,0.5170485462635036
5b8be6ddfbd58edc28097c500b5e52532db4a711b2f2537a3c4c6cbc92936728,8b7af717e9af1e37f4e57150fcdd5995e0f687e02ff743b02dba3e21ddda05dd,2750544,500,results/peft_round1/official_w256_l4_n32/m1/full_seed2,ef8b4e2f5540a3bc9635da95f2e610b92ae571a8292b36c373be41bd0f319884,fae19ffae0ff8dad1daf47ea583dae1db9435186789eccceb31ccaa2b3462885,full,626eb44ce1c5692d3f5d9ba75df51c505212d77148c829ce9dacc8a4427b6a82,680922624.0,trial_causal_fixed_window,0.8096312284469604,618ad86980e482dfaa4b0bfe038949890b53d7914d858eae76a58944fe4b4f63,40.33923982735723,0.5607526955542439,0.49361510470653847,2,b72dba800f930259241d7e8681746adbf1a78ae0190a3f06b8c011c278780944,3974ea4ac4438b08f18dfa934c0b81d1ca809b6269e7ce5bb96edb1affff3019,m1,2750544,0.5574717130225824,0.4899937937846962
5b8be6ddfbd58edc28097c500b5e52532db4a711b2f2537a3c4c6cbc92936728,8b7af717e9af1e37f4e57150fcdd5995e0f687e02ff743b02dba3e21ddda05dd,2750544,1000,results/peft_round1/official_w256_l4_n32/m1/bc_lora_seed0,ef8b4e2f5540a3bc9635da95f2e610b92ae571a8292b36c373be41bd0f319884,fae19ffae0ff8dad1daf47ea583dae1db9435186789eccceb31ccaa2b3462885,bc_lora,626eb44ce1c5692d3f5d9ba75df51c505212d77148c829ce9dacc8a4427b6a82,681014784.0,trial_causal_fixed_window,0.7963240146636963,618ad86980e482dfaa4b0bfe038949890b53d7914d858eae76a58944fe4b4f63,42.58837955398485,0.53247902746392,0.4596734487691152,0,b72dba800f930259241d7e8681746adbf1a78ae0190a3f06b8c011c278780944,3974ea4ac4438b08f18dfa934c0b81d1ca809b6269e7ce5bb96edb1affff3019,m1,19776,0.5444891805555419,0.4739847742751956
5b8be6ddfbd58edc28097c500b5e52532db4a711b2f2537a3c4c6cbc92936728,8b7af717e9af1e37f4e57150fcdd5995e0f687e02ff743b02dba3e21ddda05dd,2750544,1000,results/peft_round1/official_w256_l4_n32/m1/sparse_sdt_m3_seed0,ef8b4e2f5540a3bc9635da95f2e610b92ae571a8292b36c373be41bd0f319884,fae19ffae0ff8dad1daf47ea583dae1db9435186789eccceb31ccaa2b3462885,sparse_sdt_m3,626eb44ce1c5692d3f5d9ba75df51c505212d77148c829ce9dacc8a4427b6a82,691134464.0,trial_causal_fixed_window,0.7868390083312988,618ad86980e482dfaa4b0bfe038949890b53d7914d858eae76a58944fe4b4f63,41.2338952110149,0.5471640409179515,0.4781645310750475,0,b72dba800f930259241d7e8681746adbf1a78ae0190a3f06b8c011c278780944,3974ea4ac4438b08f18dfa934c0b81d1ca809b6269e7ce5bb96edb1affff3019,m1,15168,0.554193846735819,0.4866644016406695
5b8be6ddfbd58edc28097c500b5e52532db4a711b2f2537a3c4c6cbc92936728,8b7af717e9af1e37f4e57150fcdd5995e0f687e02ff743b02dba3e21ddda05dd,2750544,900,results/peft_round1/official_w256_l4_n32/m1/memba_causal_seed0,ef8b4e2f5540a3bc9635da95f2e610b92ae571a8292b36c373be41bd0f319884,fae19ffae0ff8dad1daf47ea583dae1db9435186789eccceb31ccaa2b3462885,memba_causal,626eb44ce1c5692d3f5d9ba75df51c505212d77148c829ce9dacc8a4427b6a82,815742464.0,trial_causal_fixed_window,0.8004459142684937,618ad86980e482dfaa4b0bfe038949890b53d7914d858eae76a58944fe4b4f63,74.79465656867251,0.5352380279019074,0.46286669881920584,0,b72dba800f930259241d7e8681746adbf1a78ae0190a3f06b8c011c278780944,3974ea4ac4438b08f18dfa934c0b81d1ca809b6269e7ce5bb96edb1affff3019,m1,18752,0.5411342350576671,0.47011673934628795
5b8be6ddfbd58edc28097c500b5e52532db4a711b2f2537a3c4c6cbc92936728,8b7af717e9af1e37f4e57150fcdd5995e0f687e02ff743b02dba3e21ddda05dd,2750544,650,results/peft_round1/official_w256_l4_n32/m1/lora_seed0,ef8b4e2f5540a3bc9635da95f2e610b92ae571a8292b36c373be41bd0f319884,fae19ffae0ff8dad1daf47ea583dae1db9435186789eccceb31ccaa2b3462885,lora,626eb44ce1c5692d3f5d9ba75df51c505212d77148c829ce9dacc8a4427b6a82,681117184.0,trial_causal_fixed_window,0.7978661060333252,618ad86980e482dfaa4b0bfe038949890b53d7914d858eae76a58944fe4b4f63,42.55970724718645,0.5891821889136173,0.5284866623428046,0,b72dba800f930259241d7e8681746adbf1a78ae0190a3f06b8c011c278780944,3974ea4ac4438b08f18dfa934c0b81d1ca809b6269e7ce5bb96edb1affff3019,m1,36672,0.5929160553142101,0.532578004963773
5b8be6ddfbd58edc28097c500b5e52532db4a711b2f2537a3c4c6cbc92936728,8b7af717e9af1e37f4e57150fcdd5995e0f687e02ff743b02dba3e21ddda05dd,2750544,1000,results/peft_round1/official_w256_l4_n32/m1/sparse_sdt_m3_seed2,ef8b4e2f5540a3bc9635da95f2e610b92ae571a8292b36c373be41bd0f319884,fae19ffae0ff8dad1daf47ea583dae1db9435186789eccceb31ccaa2b3462885,sparse_sdt_m3,626eb44ce1c5692d3f5d9ba75df51c505212d77148c829ce9dacc8a4427b6a82,691134464.0,trial_causal_fixed_window,0.7755264043807983,618ad86980e482dfaa4b0bfe038949890b53d7914d858eae76a58944fe4b4f63,41.67030400317162,0.54996594735447,0.48113452482962327,2,b72dba800f930259241d7e8681746adbf1a78ae0190a3f06b8c011c278780944,3974ea4ac4438b08f18dfa934c0b81d1ca809b6269e7ce5bb96edb1affff3019,m1,15168,0.5617509891973529,0.4953791521563664
5b8be6ddfbd58edc28097c500b5e52532db4a711b2f2537a3c4c6cbc92936728,8b7af717e9af1e37f4e57150fcdd5995e0f687e02ff743b02dba3e21ddda05dd,2750544,850,results/peft_round1/official_w256_l4_n32/m1/sparse_sdt_m3_seed1,ef8b4e2f5540a3bc9635da95f2e610b92ae571a8292b36c373be41bd0f319884,fae19ffae0ff8dad1daf47ea583dae1db9435186789eccceb31ccaa2b3462885,sparse_sdt_m3,626eb44ce1c5692d3f5d9ba75df51c505212d77148c829ce9dacc8a4427b6a82,691134464.0,trial_causal_fixed_window,0.780941903591156,618ad86980e482dfaa4b0bfe038949890b53d7914d858eae76a58944fe4b4f63,41.43512828182429,0.5534451105882175,0.48575765647561775,1,b72dba800f930259241d7e8681746adbf1a78ae0190a3f06b8c011c278780944,3974ea4ac4438b08f18dfa934c0b81d1ca809b6269e7ce5bb96edb1affff3019,m1,15168,0.5542015273081355,0.4865881323639888
5b8be6ddfbd58edc28097c500b5e52532db4a711b2f2537a3c4c6cbc92936728,8b7af717e9af1e37f4e57150fcdd5995e0f687e02ff743b02dba3e21ddda05dd,2750544,850,results/peft_round1/official_w256_l4_n32/m1/bc_dt_seed1,ef8b4e2f5540a3bc9635da95f2e610b92ae571a8292b36c373be41bd0f319884,fae19ffae0ff8dad1daf47ea583dae1db9435186789eccceb31ccaa2b3462885,bc_dt,626eb44ce1c5692d3f5d9ba75df51c505212d77148c829ce9dacc8a4427b6a82,681014784.0,trial_causal_fixed_window,0.7910172343254089,618ad86980e482dfaa4b0bfe038949890b53d7914d858eae76a58944fe4b4f63,42.99889186909422,0.5302342193952603,0.45686064906258217,1,b72dba800f930259241d7e8681746adbf1a78ae0190a3f06b8c011c278780944,3974ea4ac4438b08f18dfa934c0b81d1ca809b6269e7ce5bb96edb1affff3019,m1,19808,0.5356254827616884,0.46338129648603443
5b8be6ddfbd58edc28097c500b5e52532db4a711b2f2537a3c4c6cbc92936728,8b7af717e9af1e37f4e57150fcdd5995e0f687e02ff743b02dba3e21ddda05dd,2750544,800,results/peft_round1/official_w256_l4_n32/m1/memba_causal_seed2,ef8b4e2f5540a3bc9635da95f2e610b92ae571a8292b36c373be41bd0f319884,fae19ffae0ff8dad1daf47ea583dae1db9435186789eccceb31ccaa2b3462885,memba_causal,626eb44ce1c5692d3f5d9ba75df51c505212d77148c829ce9dacc8a4427b6a82,815742464.0,trial_causal_fixed_window,0.7936697602272034,618ad86980e482dfaa4b0bfe038949890b53d7914d858eae76a58944fe4b4f63,74.40277805784717,0.5284165169301984,0.4547995031270955,2,b72dba800f930259241d7e8681746adbf1a78ae0190a3f06b8c011c278780944,3974ea4ac4438b08f18dfa934c0b81d1ca809b6269e7ce5bb96edb1affff3019,m1,18752,0.535818154035604,0.4639639880325702
5b8be6ddfbd58edc28097c500b5e52532db4a711b2f2537a3c4c6cbc92936728,8b7af717e9af1e37f4e57150fcdd5995e0f687e02ff743b02dba3e21ddda05dd,2750544,0,results/peft_round1/official_w256_l4_n32/m1/none_seed0,ef8b4e2f5540a3bc9635da95f2e610b92ae571a8292b36c373be41bd0f319884,fae19ffae0ff8dad1daf47ea583dae1db9435186789eccceb31ccaa2b3462885,none,626eb44ce1c5692d3f5d9ba75df51c505212d77148c829ce9dacc8a4427b6a82,680920576.0,trial_causal_fixed_window,0.5079911947250366,618ad86980e482dfaa4b0bfe038949890b53d7914d858eae76a58944fe4b4f63,22.54037869302556,0.48298313732818865,0.40470632689126096,0,b72dba800f930259241d7e8681746adbf1a78ae0190a3f06b8c011c278780944,3974ea4ac4438b08f18dfa934c0b81d1ca809b6269e7ce5bb96edb1affff3019,m1,0,0.38620973747520426,0.2968053149704165
5b8be6ddfbd58edc28097c500b5e52532db4a711b2f2537a3c4c6cbc92936728,8b7af717e9af1e37f4e57150fcdd5995e0f687e02ff743b02dba3e21ddda05dd,2750544,550,results/peft_round1/official_w256_l4_n32/m1/full_seed0,ef8b4e2f5540a3bc9635da95f2e610b92ae571a8292b36c373be41bd0f319884,fae19ffae0ff8dad1daf47ea583dae1db9435186789eccceb31ccaa2b3462885,full,626eb44ce1c5692d3f5d9ba75df51c505212d77148c829ce9dacc8a4427b6a82,680922624.0,trial_causal_fixed_window,0.805924654006958,618ad86980e482dfaa4b0bfe038949890b53d7914d858eae76a58944fe4b4f63,40.25108103081584,0.5531759979935031,0.48516732630427717,0,b72dba800f930259241d7e8681746adbf1a78ae0190a3f06b8c011c278780944,3974ea4ac4438b08f18dfa934c0b81d1ca809b6269e7ce5bb96edb1affff3019,m1,2750544,0.5480683579175261,0.4798127135676141
5b8be6ddfbd58edc28097c500b5e52532db4a711b2f2537a3c4c6cbc92936728,8b7af717e9af1e37f4e57150fcdd5995e0f687e02ff743b02dba3e21ddda05dd,2750544,850,results/peft_round1/official_w256_l4_n32/m1/bc_lora_seed1,ef8b4e2f5540a3bc9635da95f2e610b92ae571a8292b36c373be41bd0f319884,fae19ffae0ff8dad1daf47ea583dae1db9435186789eccceb31ccaa2b3462885,bc_lora,626eb44ce1c5692d3f5d9ba75df51c505212d77148c829ce9dacc8a4427b6a82,681014784.0,trial_causal_fixed_window,0.7909932136535645,618ad86980e482dfaa4b0bfe038949890b53d7914d858eae76a58944fe4b4f63,42.623309737071395,0.5301007916061491,0.4567011259340438,1,b72dba800f930259241d7e8681746adbf1a78ae0190a3f06b8c011c278780944,3974ea4ac4438b08f18dfa934c0b81d1ca809b6269e7ce5bb96edb1affff3019,m1,19776,0.5354772604670124,0.463205395636225
5b8be6ddfbd58edc28097c500b5e52532db4a711b2f2537a3c4c6cbc92936728,8b7af717e9af1e37f4e57150fcdd5995e0f687e02ff743b02dba3e21ddda05dd,2750544,800,results/peft_round1/official_w256_l4_n32/m1/io_seed2,ef8b4e2f5540a3bc9635da95f2e610b92ae571a8292b36c373be41bd0f319884,fae19ffae0ff8dad1daf47ea583dae1db9435186789eccceb31ccaa2b3462885,io,626eb44ce1c5692d3f5d9ba75df51c505212d77148c829ce9dacc8a4427b6a82,680922624.0,trial_causal_fixed_window,0.7963024377822876,618ad86980e482dfaa4b0bfe038949890b53d7914d858eae76a58944fe4b4f63,39.06746028875932,0.5654183068876644,0.500159477087817,2,b72dba800f930259241d7e8681746adbf1a78ae0190a3f06b8c011c278780944,3974ea4ac4438b08f18dfa934c0b81d1ca809b6269e7ce5bb96edb1affff3019,m1,21264,0.5640621589144957,0.49892434206056213
5b8be6ddfbd58edc28097c500b5e52532db4a711b2f2537a3c4c6cbc92936728,8b7af717e9af1e37f4e57150fcdd5995e0f687e02ff743b02dba3e21ddda05dd,2750544,850,results/peft_round1/official_w256_l4_n32/m1/lora_seed1,ef8b4e2f5540a3bc9635da95f2e610b92ae571a8292b36c373be41bd0f319884,fae19ffae0ff8dad1daf47ea583dae1db9435186789eccceb31ccaa2b3462885,lora,626eb44ce1c5692d3f5d9ba75df51c505212d77148c829ce9dacc8a4427b6a82,681117184.0,trial_causal_fixed_window,0.8003334403038025,618ad86980e482dfaa4b0bfe038949890b53d7914d858eae76a58944fe4b4f63,42.65194096509367,0.5825351738047073,0.5200543927432223,1,b72dba800f930259241d7e8681746adbf1a78ae0190a3f06b8c011c278780944,3974ea4ac4438b08f18dfa934c0b81d1ca809b6269e7ce5bb96edb1affff3019,m1,36672,0.5856850122204502,0.5238809053878233
5b8be6ddfbd58edc28097c500b5e52532db4a711b2f2537a3c4c6cbc92936728,8b7af717e9af1e37f4e57150fcdd5995e0f687e02ff743b02dba3e21ddda05dd,2750544,1000,results/peft_round1/official_w256_l4_n32/m1/bc_dt_seed0,ef8b4e2f5540a3bc9635da95f2e610b92ae571a8292b36c373be41bd0f319884,fae19ffae0ff8dad1daf47ea583dae1db9435186789eccceb31ccaa2b3462885,bc_dt,626eb44ce1c5692d3f5d9ba75df51c505212d77148c829ce9dacc8a4427b6a82,681014784.0,trial_causal_fixed_window,0.7963688373565674,618ad86980e482dfaa4b0bfe038949890b53d7914d858eae76a58944fe4b4f63,42.983473531436175,0.5326249926714843,0.45985015791278605,0,b72dba800f930259241d7e8681746adbf1a78ae0190a3f06b8c011c278780944,3974ea4ac4438b08f18dfa934c0b81d1ca809b6269e7ce5bb96edb1affff3019,m1,19808,0.5446281508929309,0.4741497206159272
5b8be6ddfbd58edc28097c500b5e52532db4a711b2f2537a3c4c6cbc92936728,8b7af717e9af1e37f4e57150fcdd5995e0f687e02ff743b02dba3e21ddda05dd,2750544,1000,results/peft_round1/official_w256_l4_n32/m1/bc_lora_seed2,ef8b4e2f5540a3bc9635da95f2e610b92ae571a8292b36c373be41bd0f319884,fae19ffae0ff8dad1daf47ea583dae1db9435186789eccceb31ccaa2b3462885,bc_lora,626eb44ce1c5692d3f5d9ba75df51c505212d77148c829ce9dacc8a4427b6a82,681014784.0,trial_causal_fixed_window,0.7847447395324707,618ad86980e482dfaa4b0bfe038949890b53d7914d858eae76a58944fe4b4f63,42.560445024166256,0.5288147848693274,0.4552308491584399,2,b72dba800f930259241d7e8681746adbf1a78ae0190a3f06b8c011c278780944,3974ea4ac4438b08f18dfa934c0b81d1ca809b6269e7ce5bb96edb1affff3019,m1,19776,0.5408267451518949,0.4692667701441281
5b8be6ddfbd58edc28097c500b5e52532db4a711b2f2537a3c4c6cbc92936728,8b7af717e9af1e37f4e57150fcdd5995e0f687e02ff743b02dba3e21ddda05dd,2750544,1000,results/peft_round1/official_w256_l4_n32/m1/state_offset_seed2,ef8b4e2f5540a3bc9635da95f2e610b92ae571a8292b36c373be41bd0f319884,fae19ffae0ff8dad1daf47ea583dae1db9435186789eccceb31ccaa2b3462885,state_offset,626eb44ce1c5692d3f5d9ba75df51c505212d77148c829ce9dacc8a4427b6a82,697165824.0,trial_causal_fixed_window,0.776202917098999,618ad86980e482dfaa4b0bfe038949890b53d7914d858eae76a58944fe4b4f63,44.636345258913934,0.5266565370105953,0.453589201676753,2,b72dba800f930259241d7e8681746adbf1a78ae0190a3f06b8c011c278780944,3974ea4ac4438b08f18dfa934c0b81d1ca809b6269e7ce5bb96edb1affff3019,m1,11072,0.5443351295333866,0.4746770173836722
5b8be6ddfbd58edc28097c500b5e52532db4a711b2f2537a3c4c6cbc92936728,8b7af717e9af1e37f4e57150fcdd5995e0f687e02ff743b02dba3e21ddda05dd,2750544,850,results/peft_round1/official_w256_l4_n32/m1/io_seed1,ef8b4e2f5540a3bc9635da95f2e610b92ae571a8292b36c373be41bd0f319884,fae19ffae0ff8dad1daf47ea583dae1db9435186789eccceb31ccaa2b3462885,io,626eb44ce1c5692d3f5d9ba75df51c505212d77148c829ce9dacc8a4427b6a82,680922624.0,trial_causal_fixed_window,0.7977963089942932,618ad86980e482dfaa4b0bfe038949890b53d7914d858eae76a58944fe4b4f63,38.90510065900162,0.5705417353058115,0.5064470088878872,1,b72dba800f930259241d7e8681746adbf1a78ae0190a3f06b8c011c278780944,3974ea4ac4438b08f18dfa934c0b81d1ca809b6269e7ce5bb96edb1affff3019,m1,21264,0.5670169802771764,0.5022186418963026
5b8be6ddfbd58edc28097c500b5e52532db4a711b2f2537a3c4c6cbc92936728,8b7af717e9af1e37f4e57150fcdd5995e0f687e02ff743b02dba3e21ddda05dd,2750544,500,results/peft_round1/official_w256_l4_n32/m1/full_seed1,ef8b4e2f5540a3bc9635da95f2e610b92ae571a8292b36c373be41bd0f319884,fae19ffae0ff8dad1daf47ea583dae1db9435186789eccceb31ccaa2b3462885,full,626eb44ce1c5692d3f5d9ba75df51c505212d77148c829ce9dacc8a4427b6a82,680922624.0,trial_causal_fixed_window,0.809526264667511,618ad86980e482dfaa4b0bfe038949890b53d7914d858eae76a58944fe4b4f63,40.49365894915536,0.5621494239647891,0.4952832261306538,1,b72dba800f930259241d7e8681746adbf1a78ae0190a3f06b8c011c278780944,3974ea4ac4438b08f18dfa934c0b81d1ca809b6269e7ce5bb96edb1affff3019,m1,2750544,0.5587414147728678,0.49123958670412415
5b8be6ddfbd58edc28097c500b5e52532db4a711b2f2537a3c4c6cbc92936728,8b7af717e9af1e37f4e57150fcdd5995e0f687e02ff743b02dba3e21ddda05dd,2750544,950,results/peft_round1/official_w256_l4_n32/m1/io_seed0,ef8b4e2f5540a3bc9635da95f2e610b92ae571a8292b36c373be41bd0f319884,fae19ffae0ff8dad1daf47ea583dae1db9435186789eccceb31ccaa2b3462885,io,626eb44ce1c5692d3f5d9ba75df51c505212d77148c829ce9dacc8a4427b6a82,680922624.0,trial_causal_fixed_window,0.796961784362793,618ad86980e482dfaa4b0bfe038949890b53d7914d858eae76a58944fe4b4f63,98.62715152418241,0.5636121970235001,0.4980409554698393,0,b72dba800f930259241d7e8681746adbf1a78ae0190a3f06b8c011c278780944,3974ea4ac4438b08f18dfa934c0b81d1ca809b6269e7ce5bb96edb1affff3019,m1,21264,0.563634384391472,0.49834399426127074
3fd5abf8209729768c343ade5072217e7b5127801431520141d0288cff8551f1,09b474ffd3a5e9a8a9088a0040ffd4cf379f7e16cbd5c91276257b8b074a084c,2755138,650,results/peft_round1/official_w256_l4_n32/m2/state_offset_seed0,7918e13f6985c6634dc8c593211891017be7f6ac72a436a453d8a67edbe9e7b3,b07100fd159baba0f15720d1babe8a41e43a13088df92f9332e4481c90365512,state_offset,83df0ec1a5ac99c42f12515879edf1c2ad9d3fe0e4e6bb2ba0e10489667a9879,695428608.0,trial_causal_fixed_window,0.3676496148109436,3b24756951732524b824f7d57051b1b25475607ed4dc71ab136dd7475367f25d,43.24447045987472,0.2648480243781247,-0.03809985897113166,0,471b01f254cbcaea7e8f67e98d78144aafd5eec06f80020147400307856925f6,111fd9a36fbb9577709c96ee0f66dc52b7e079942f91aa30ade6246a6f2917c8,m2,11144,0.2647157088423929,-0.03408836994366515
3fd5abf8209729768c343ade5072217e7b5127801431520141d0288cff8551f1,09b474ffd3a5e9a8a9088a0040ffd4cf379f7e16cbd5c91276257b8b074a084c,2755138,650,results/peft_round1/official_w256_l4_n32/m2/state_offset_seed1,7918e13f6985c6634dc8c593211891017be7f6ac72a436a453d8a67edbe9e7b3,b07100fd159baba0f15720d1babe8a41e43a13088df92f9332e4481c90365512,state_offset,83df0ec1a5ac99c42f12515879edf1c2ad9d3fe0e4e6bb2ba0e10489667a9879,695428608.0,trial_causal_fixed_window,0.3410574793815613,3b24756951732524b824f7d57051b1b25475607ed4dc71ab136dd7475367f25d,43.09987523406744,0.2508082795877291,-0.04806991779947278,1,471b01f254cbcaea7e8f67e98d78144aafd5eec06f80020147400307856925f6,111fd9a36fbb9577709c96ee0f66dc52b7e079942f91aa30ade6246a6f2917c8,m2,11144,0.25372472819573655,-0.05088211950177968
3fd5abf8209729768c343ade5072217e7b5127801431520141d0288cff8551f1,09b474ffd3a5e9a8a9088a0040ffd4cf379f7e16cbd5c91276257b8b074a084c,2755138,1000,results/peft_round1/official_w256_l4_n32/m2/bc_dt_seed2,7918e13f6985c6634dc8c593211891017be7f6ac72a436a453d8a67edbe9e7b3,b07100fd159baba0f15720d1babe8a41e43a13088df92f9332e4481c90365512,bc_dt,83df0ec1a5ac99c42f12515879edf1c2ad9d3fe0e4e6bb2ba0e10489667a9879,681145344.0,trial_causal_fixed_window,0.3842201828956604,3b24756951732524b824f7d57051b1b25475607ed4dc71ab136dd7475367f25d,41.441249780822545,0.24638577506158765,0.006513504531571179,2,471b01f254cbcaea7e8f67e98d78144aafd5eec06f80020147400307856925f6,111fd9a36fbb9577709c96ee0f66dc52b7e079942f91aa30ade6246a6f2917c8,m2,19880,0.23106398865821653,0.0034191292076547475
3fd5abf8209729768c343ade5072217e7b5127801431520141d0288cff8551f1,09b474ffd3a5e9a8a9088a0040ffd4cf379f7e16cbd5c91276257b8b074a084c,2755138,1000,results/peft_round1/official_w256_l4_n32/m2/memba_causal_seed1,7918e13f6985c6634dc8c593211891017be7f6ac72a436a453d8a67edbe9e7b3,b07100fd159baba0f15720d1babe8a41e43a13088df92f9332e4481c90365512,memba_causal,83df0ec1a5ac99c42f12515879edf1c2ad9d3fe0e4e6bb2ba0e10489667a9879,815873024.0,trial_causal_fixed_window,0.31077760457992554,3b24756951732524b824f7d57051b1b25475607ed4dc71ab136dd7475367f25d,72.18109466321766,0.2045527103776239,-0.01118532856897625,1,471b01f254cbcaea7e8f67e98d78144aafd5eec06f80020147400307856925f6,111fd9a36fbb9577709c96ee0f66dc52b7e079942f91aa30ade6246a6f2917c8,m2,18824,0.17580888001703143,-0.0207308282416232
3fd5abf8209729768c343ade5072217e7b5127801431520141d0288cff8551f1,09b474ffd3a5e9a8a9088a0040ffd4cf379f7e16cbd5c91276257b8b074a084c,2755138,1000,results/peft_round1/official_w256_l4_n32/m2/lora_seed2,7918e13f6985c6634dc8c593211891017be7f6ac72a436a453d8a67edbe9e7b3,b07100fd159baba0f15720d1babe8a41e43a13088df92f9332e4481c90365512,lora,83df0ec1a5ac99c42f12515879edf1c2ad9d3fe0e4e6bb2ba0e10489667a9879,681247744.0,trial_causal_fixed_window,0.37299907207489014,3b24756951732524b824f7d57051b1b25475607ed4dc71ab136dd7475367f25d,41.10706551698968,0.2655232463588215,-0.035282729656376244,2,471b01f254cbcaea7e8f67e98d78144aafd5eec06f80020147400307856925f6,111fd9a36fbb9577709c96ee0f66dc52b7e079942f91aa30ade6246a6f2917c8,m2,36744,0.252901520324082,-0.037237291718186016
3fd5abf8209729768c343ade5072217e7b5127801431520141d0288cff8551f1,09b474ffd3a5e9a8a9088a0040ffd4cf379f7e16cbd5c91276257b8b074a084c,2755138,550,results/peft_round1/official_w256_l4_n32/m2/full_seed2,7918e13f6985c6634dc8c593211891017be7f6ac72a436a453d8a67edbe9e7b3,b07100fd159baba0f15720d1babe8a41e43a13088df92f9332e4481c90365512,full,83df0ec1a5ac99c42f12515879edf1c2ad9d3fe0e4e6bb2ba0e10489667a9879,681052672.0,trial_causal_fixed_window,0.3053470849990845,3b24756951732524b824f7d57051b1b25475607ed4dc71ab136dd7475367f25d,39.424487113021314,0.26276486355528883,0.060204412626509995,2,471b01f254cbcaea7e8f67e98d78144aafd5eec06f80020147400307856925f6,111fd9a36fbb9577709c96ee0f66dc52b7e079942f91aa30ade6246a6f2917c8,m2,2755138,0.24926392712898315,0.052355652330895674
3fd5abf8209729768c343ade5072217e7b5127801431520141d0288cff8551f1,09b474ffd3a5e9a8a9088a0040ffd4cf379f7e16cbd5c91276257b8b074a084c,2755138,700,results/peft_round1/official_w256_l4_n32/m2/bc_lora_seed0,7918e13f6985c6634dc8c593211891017be7f6ac72a436a453d8a67edbe9e7b3,b07100fd159baba0f15720d1babe8a41e43a13088df92f9332e4481c90365512,bc_lora,83df0ec1a5ac99c42f12515879edf1c2ad9d3fe0e4e6bb2ba0e10489667a9879,681145344.0,trial_causal_fixed_window,0.3631080985069275,3b24756951732524b824f7d57051b1b25475607ed4dc71ab136dd7475367f25d,41.01923263631761,0.25035264768985066,-0.04086071552897974,0,471b01f254cbcaea7e8f67e98d78144aafd5eec06f80020147400307856925f6,111fd9a36fbb9577709c96ee0f66dc52b7e079942f91aa30ade6246a6f2917c8,m2,19848,0.24201773628767886,-0.07029331342006806
3fd5abf8209729768c343ade5072217e7b5127801431520141d0288cff8551f1,09b474ffd3a5e9a8a9088a0040ffd4cf379f7e16cbd5c91276257b8b074a084c,2755138,950,results/peft_round1/official_w256_l4_n32/m2/sparse_sdt_m3_seed0,7918e13f6985c6634dc8c593211891017be7f6ac72a436a453d8a67edbe9e7b3,b07100fd159baba0f15720d1babe8a41e43a13088df92f9332e4481c90365512,sparse_sdt_m3,83df0ec1a5ac99c42f12515879edf1c2ad9d3fe0e4e6bb2ba0e10489667a9879,691854848.0,trial_causal_fixed_window,0.38262319564819336,3b24756951732524b824f7d57051b1b25475607ed4dc71ab136dd7475367f25d,41.47265603533015,0.24494183226632193,-0.009096773594131413,0,471b01f254cbcaea7e8f67e98d78144aafd5eec06f80020147400307856925f6,111fd9a36fbb9577709c96ee0f66dc52b7e079942f91aa30ade6246a6f2917c8,m2,15240,0.23283926388719867,-0.01674532589879285
3fd5abf8209729768c343ade5072217e7b5127801431520141d0288cff8551f1,09b474ffd3a5e9a8a9088a0040ffd4cf379f7e16cbd5c91276257b8b074a084c,2755138,1000,results/peft_round1/official_w256_l4_n32/m2/memba_causal_seed0,7918e13f6985c6634dc8c593211891017be7f6ac72a436a453d8a67edbe9e7b3,b07100fd159baba0f15720d1babe8a41e43a13088df92f9332e4481c90365512,memba_causal,83df0ec1a5ac99c42f12515879edf1c2ad9d3fe0e4e6bb2ba0e10489667a9879,815873024.0,trial_causal_fixed_window,0.3553897738456726,3b24756951732524b824f7d57051b1b25475607ed4dc71ab136dd7475367f25d,73.2974467840977,0.24643407613841717,-0.005613302128877118,0,471b01f254cbcaea7e8f67e98d78144aafd5eec06f80020147400307856925f6,111fd9a36fbb9577709c96ee0f66dc52b7e079942f91aa30ade6246a6f2917c8,m2,18824,0.23103882050801428,-0.014338712768284578
3fd5abf8209729768c343ade5072217e7b5127801431520141d0288cff8551f1,09b474ffd3a5e9a8a9088a0040ffd4cf379f7e16cbd5c91276257b8b074a084c,2755138,900,results/peft_round1/official_w256_l4_n32/m2/lora_seed0,7918e13f6985c6634dc8c593211891017be7f6ac72a436a453d8a67edbe9e7b3,b07100fd159baba0f15720d1babe8a41e43a13088df92f9332e4481c90365512,lora,83df0ec1a5ac99c42f12515879edf1c2ad9d3fe0e4e6bb2ba0e10489667a9879,681247744.0,trial_causal_fixed_window,0.3924696445465088,3b24756951732524b824f7d57051b1b25475607ed4dc71ab136dd7475367f25d,41.13081960985437,0.25434429662510216,-0.039020888379258434,0,471b01f254cbcaea7e8f67e98d78144aafd5eec06f80020147400307856925f6,111fd9a36fbb9577709c96ee0f66dc52b7e079942f91aa30ade6246a6f2917c8,m2,36744,0.24124415780362995,-0.040729950205150134
3fd5abf8209729768c343ade5072217e7b5127801431520141d0288cff8551f1,09b474ffd3a5e9a8a9088a0040ffd4cf379f7e16cbd5c91276257b8b074a084c,2755138,1000,results/peft_round1/official_w256_l4_n32/m2/sparse_sdt_m3_seed2,7918e13f6985c6634dc8c593211891017be7f6ac72a436a453d8a67edbe9e7b3,b07100fd159baba0f15720d1babe8a41e43a13088df92f9332e4481c90365512,sparse_sdt_m3,83df0ec1a5ac99c42f12515879edf1c2ad9d3fe0e4e6bb2ba0e10489667a9879,691854848.0,trial_causal_fixed_window,0.3592500686645508,3b24756951732524b824f7d57051b1b25475607ed4dc71ab136dd7475367f25d,41.04757215222344,0.2558864512630993,-0.011192360859121342,2,471b01f254cbcaea7e8f67e98d78144aafd5eec06f80020147400307856925f6,111fd9a36fbb9577709c96ee0f66dc52b7e079942f91aa30ade6246a6f2917c8,m2,15240,0.2457524258175161,-0.017522099962313353
3fd5abf8209729768c343ade5072217e7b5127801431520141d0288cff8551f1,09b474ffd3a5e9a8a9088a0040ffd4cf379f7e16cbd5c91276257b8b074a084c,2755138,800,results/peft_round1/official_w256_l4_n32/m2/sparse_sdt_m3_seed1,7918e13f6985c6634dc8c593211891017be7f6ac72a436a453d8a67edbe9e7b3,b07100fd159baba0f15720d1babe8a41e43a13088df92f9332e4481c90365512,sparse_sdt_m3,83df0ec1a5ac99c42f12515879edf1c2ad9d3fe0e4e6bb2ba0e10489667a9879,691854848.0,trial_causal_fixed_window,0.36831170320510864,3b24756951732524b824f7d57051b1b25475607ed4dc71ab136dd7475367f25d,40.1390997110866,0.2780769056344674,-0.037170225847364735,1,471b01f254cbcaea7e8f67e98d78144aafd5eec06f80020147400307856925f6,111fd9a36fbb9577709c96ee0f66dc52b7e079942f91aa30ade6246a6f2917c8,m2,15240,0.2737709243756654,-0.033563702031198295
3fd5abf8209729768c343ade5072217e7b5127801431520141d0288cff8551f1,09b474ffd3a5e9a8a9088a0040ffd4cf379f7e16cbd5c91276257b8b074a084c,2755138,1000,results/peft_round1/official_w256_l4_n32/m2/bc_dt_seed1,7918e13f6985c6634dc8c593211891017be7f6ac72a436a453d8a67edbe9e7b3,b07100fd159baba0f15720d1babe8a41e43a13088df92f9332e4481c90365512,bc_dt,83df0ec1a5ac99c42f12515879edf1c2ad9d3fe0e4e6bb2ba0e10489667a9879,681145344.0,trial_causal_fixed_window,0.3742903470993042,3b24756951732524b824f7d57051b1b25475607ed4dc71ab136dd7475367f25d,41.377345454879105,0.19452908972417793,-0.014454429022497495,1,471b01f254cbcaea7e8f67e98d78144aafd5eec06f80020147400307856925f6,111fd9a36fbb9577709c96ee0f66dc52b7e079942f91aa30ade6246a6f2917c8,m2,19880,0.17763800297075916,-0.027373479913485044
3fd5abf8209729768c343ade5072217e7b5127801431520141d0288cff8551f1,09b474ffd3a5e9a8a9088a0040ffd4cf379f7e16cbd5c91276257b8b074a084c,2755138,750,results/peft_round1/official_w256_l4_n32/m2/memba_causal_seed2,7918e13f6985c6634dc8c593211891017be7f6ac72a436a453d8a67edbe9e7b3,b07100fd159baba0f15720d1babe8a41e43a13088df92f9332e4481c90365512,memba_causal,83df0ec1a5ac99c42f12515879edf1c2ad9d3fe0e4e6bb2ba0e10489667a9879,815873024.0,trial_causal_fixed_window,0.3061199188232422,3b24756951732524b824f7d57051b1b25475607ed4dc71ab136dd7475367f25d,72.16812536818907,0.2108161393679867,-0.009300939729238733,2,471b01f254cbcaea7e8f67e98d78144aafd5eec06f80020147400307856925f6,111fd9a36fbb9577709c96ee0f66dc52b7e079942f91aa30ade6246a6f2917c8,m2,18824,0.19010248005524233,-0.01105851568598304
3fd5abf8209729768c343ade5072217e7b5127801431520141d0288cff8551f1,09b474ffd3a5e9a8a9088a0040ffd4cf379f7e16cbd5c91276257b8b074a084c,2755138,0,results/peft_round1/official_w256_l4_n32/m2/none_seed0,7918e13f6985c6634dc8c593211891017be7f6ac72a436a453d8a67edbe9e7b3,b07100fd159baba0f15720d1babe8a41e43a13088df92f9332e4481c90365512,none,83df0ec1a5ac99c42f12515879edf1c2ad9d3fe0e4e6bb2ba0e10489667a9879,681050624.0,trial_causal_fixed_window,0.027447402477264404,3b24756951732524b824f7d57051b1b25475607ed4dc71ab136dd7475367f25d,22.28675081813708,0.12091760110551875,-0.22954262620544919,0,471b01f254cbcaea7e8f67e98d78144aafd5eec06f80020147400307856925f6,111fd9a36fbb9577709c96ee0f66dc52b7e079942f91aa30ade6246a6f2917c8,m2,0,-0.005921781341516663,-0.11946357851537392
3fd5abf8209729768c343ade5072217e7b5127801431520141d0288cff8551f1,09b474ffd3a5e9a8a9088a0040ffd4cf379f7e16cbd5c91276257b8b074a084c,2755138,550,results/peft_round1/official_w256_l4_n32/m2/full_seed0,7918e13f6985c6634dc8c593211891017be7f6ac72a436a453d8a67edbe9e7b3,b07100fd159baba0f15720d1babe8a41e43a13088df92f9332e4481c90365512,full,83df0ec1a5ac99c42f12515879edf1c2ad9d3fe0e4e6bb2ba0e10489667a9879,681052672.0,trial_causal_fixed_window,0.30181413888931274,3b24756951732524b824f7d57051b1b25475607ed4dc71ab136dd7475367f25d,39.16950793331489,0.2667818706693059,0.060746317207304834,0,471b01f254cbcaea7e8f67e98d78144aafd5eec06f80020147400307856925f6,111fd9a36fbb9577709c96ee0f66dc52b7e079942f91aa30ade6246a6f2917c8,m2,2755138,0.2551648240273775,0.06404640305956877
3fd5abf8209729768c343ade5072217e7b5127801431520141d0288cff8551f1,09b474ffd3a5e9a8a9088a0040ffd4cf379f7e16cbd5c91276257b8b074a084c,2755138,1000,results/peft_round1/official_w256_l4_n32/m2/bc_lora_seed1,7918e13f6985c6634dc8c593211891017be7f6ac72a436a453d8a67edbe9e7b3,b07100fd159baba0f15720d1babe8a41e43a13088df92f9332e4481c90365512,bc_lora,83df0ec1a5ac99c42f12515879edf1c2ad9d3fe0e4e6bb2ba0e10489667a9879,681145344.0,trial_causal_fixed_window,0.37470537424087524,3b24756951732524b824f7d57051b1b25475607ed4dc71ab136dd7475367f25d,41.08347483398393,0.19443397342977708,-0.015428829194366944,1,471b01f254cbcaea7e8f67e98d78144aafd5eec06f80020147400307856925f6,111fd9a36fbb9577709c96ee0f66dc52b7e079942f91aa30ade6246a6f2917c8,m2,19848,0.17759550967944304,-0.028679970505373964
3fd5abf8209729768c343ade5072217e7b5127801431520141d0288cff8551f1,09b474ffd3a5e9a8a9088a0040ffd4cf379f7e16cbd5c91276257b8b074a084c,2755138,950,results/peft_round1/official_w256_l4_n32/m2/io_seed2,7918e13f6985c6634dc8c593211891017be7f6ac72a436a453d8a67edbe9e7b3,b07100fd159baba0f15720d1babe8a41e43a13088df92f9332e4481c90365512,io,83df0ec1a5ac99c42f12515879edf1c2ad9d3fe0e4e6bb2ba0e10489667a9879,681052672.0,trial_causal_fixed_window,0.3385968804359436,3b24756951732524b824f7d57051b1b25475607ed4dc71ab136dd7475367f25d,38.03483286779374,0.20533294328960716,0.006616031866740646,2,471b01f254cbcaea7e8f67e98d78144aafd5eec06f80020147400307856925f6,111fd9a36fbb9577709c96ee0f66dc52b7e079942f91aa30ade6246a6f2917c8,m2,25858,0.18817921986673125,0.0018089704019138564
3fd5abf8209729768c343ade5072217e7b5127801431520141d0288cff8551f1,09b474ffd3a5e9a8a9088a0040ffd4cf379f7e16cbd5c91276257b8b074a084c,2755138,900,results/peft_round1/official_w256_l4_n32/m2/lora_seed1,7918e13f6985c6634dc8c593211891017be7f6ac72a436a453d8a67edbe9e7b3,b07100fd159baba0f15720d1babe8a41e43a13088df92f9332e4481c90365512,lora,83df0ec1a5ac99c42f12515879edf1c2ad9d3fe0e4e6bb2ba0e10489667a9879,681247744.0,trial_causal_fixed_window,0.40155619382858276,3b24756951732524b824f7d57051b1b25475607ed4dc71ab136dd7475367f25d,41.27177079115063,0.24408774783815945,-0.016084142602242446,1,471b01f254cbcaea7e8f67e98d78144aafd5eec06f80020147400307856925f6,111fd9a36fbb9577709c96ee0f66dc52b7e079942f91aa30ade6246a6f2917c8,m2,36744,0.2334558691797114,-0.015691554174836364
3fd5abf8209729768c343ade5072217e7b5127801431520141d0288cff8551f1,09b474ffd3a5e9a8a9088a0040ffd4cf379f7e16cbd5c91276257b8b074a084c,2755138,700,results/peft_round1/official_w256_l4_n32/m2/bc_dt_seed0,7918e13f6985c6634dc8c593211891017be7f6ac72a436a453d8a67edbe9e7b3,b07100fd159baba0f15720d1babe8a41e43a13088df92f9332e4481c90365512,bc_dt,83df0ec1a5ac99c42f12515879edf1c2ad9d3fe0e4e6bb2ba0e10489667a9879,681145344.0,trial_causal_fixed_window,0.3627450466156006,3b24756951732524b824f7d57051b1b25475607ed4dc71ab136dd7475367f25d,41.35979022318497,0.2502724215365536,-0.039547417549003594,0,471b01f254cbcaea7e8f67e98d78144aafd5eec06f80020147400307856925f6,111fd9a36fbb9577709c96ee0f66dc52b7e079942f91aa30ade6246a6f2917c8,m2,19880,0.24190152797020148,-0.06840193394063343
3fd5abf8209729768c343ade5072217e7b5127801431520141d0288cff8551f1,09b474ffd3a5e9a8a9088a0040ffd4cf379f7e16cbd5c91276257b8b074a084c,2755138,1000,results/peft_round1/official_w256_l4_n32/m2/bc_lora_seed2,7918e13f6985c6634dc8c593211891017be7f6ac72a436a453d8a67edbe9e7b3,b07100fd159baba0f15720d1babe8a41e43a13088df92f9332e4481c90365512,bc_lora,83df0ec1a5ac99c42f12515879edf1c2ad9d3fe0e4e6bb2ba0e10489667a9879,681145344.0,trial_causal_fixed_window,0.38460415601730347,3b24756951732524b824f7d57051b1b25475607ed4dc71ab136dd7475367f25d,41.087890156079084,0.2462710227476791,0.005902004719754772,2,471b01f254cbcaea7e8f67e98d78144aafd5eec06f80020147400307856925f6,111fd9a36fbb9577709c96ee0f66dc52b7e079942f91aa30ade6246a6f2917c8,m2,19848,0.23093804423142306,0.002692047711969514
3fd5abf8209729768c343ade5072217e7b5127801431520141d0288cff8551f1,09b474ffd3a5e9a8a9088a0040ffd4cf379f7e16cbd5c91276257b8b074a084c,2755138,700,results/peft_round1/official_w256_l4_n32/m2/state_offset_seed2,7918e13f6985c6634dc8c593211891017be7f6ac72a436a453d8a67edbe9e7b3,b07100fd159baba0f15720d1babe8a41e43a13088df92f9332e4481c90365512,state_offset,83df0ec1a5ac99c42f12515879edf1c2ad9d3fe0e4e6bb2ba0e10489667a9879,695428608.0,trial_causal_fixed_window,0.33645957708358765,3b24756951732524b824f7d57051b1b25475607ed4dc71ab136dd7475367f25d,44.26499973516911,0.27780889138078746,-0.017832636507200572,2,471b01f254cbcaea7e8f67e98d78144aafd5eec06f80020147400307856925f6,111fd9a36fbb9577709c96ee0f66dc52b7e079942f91aa30ade6246a6f2917c8,m2,11144,0.27957453177571534,-0.03435611034685193
3fd5abf8209729768c343ade5072217e7b5127801431520141d0288cff8551f1,09b474ffd3a5e9a8a9088a0040ffd4cf379f7e16cbd5c91276257b8b074a084c,2755138,1000,results/peft_round1/official_w256_l4_n32/m2/io_seed1,7918e13f6985c6634dc8c593211891017be7f6ac72a436a453d8a67edbe9e7b3,b07100fd159baba0f15720d1babe8a41e43a13088df92f9332e4481c90365512,io,83df0ec1a5ac99c42f12515879edf1c2ad9d3fe0e4e6bb2ba0e10489667a9879,681052672.0,trial_causal_fixed_window,0.3362172245979309,3b24756951732524b824f7d57051b1b25475607ed4dc71ab136dd7475367f25d,38.06862750602886,0.20979194774924292,0.008924522735519469,1,471b01f254cbcaea7e8f67e98d78144aafd5eec06f80020147400307856925f6,111fd9a36fbb9577709c96ee0f66dc52b7e079942f91aa30ade6246a6f2917c8,m2,25858,0.19410167014849755,0.005363649222656752
3fd5abf8209729768c343ade5072217e7b5127801431520141d0288cff8551f1,09b474ffd3a5e9a8a9088a0040ffd4cf379f7e16cbd5c91276257b8b074a084c,2755138,550,results/peft_round1/official_w256_l4_n32/m2/full_seed1,7918e13f6985c6634dc8c593211891017be7f6ac72a436a453d8a67edbe9e7b3,b07100fd159baba0f15720d1babe8a41e43a13088df92f9332e4481c90365512,full,83df0ec1a5ac99c42f12515879edf1c2ad9d3fe0e4e6bb2ba0e10489667a9879,681052672.0,trial_causal_fixed_window,0.29742950201034546,3b24756951732524b824f7d57051b1b25475607ed4dc71ab136dd7475367f25d,39.063099472317845,0.2674558046904516,0.06185164797763043,1,471b01f254cbcaea7e8f67e98d78144aafd5eec06f80020147400307856925f6,111fd9a36fbb9577709c96ee0f66dc52b7e079942f91aa30ade6246a6f2917c8,m2,2755138,0.2552775409349407,0.06468198298229788
3fd5abf8209729768c343ade5072217e7b5127801431520141d0288cff8551f1,09b474ffd3a5e9a8a9088a0040ffd4cf379f7e16cbd5c91276257b8b074a084c,2755138,950,results/peft_round1/official_w256_l4_n32/m2/io_seed0,7918e13f6985c6634dc8c593211891017be7f6ac72a436a453d8a67edbe9e7b3,b07100fd159baba0f15720d1babe8a41e43a13088df92f9332e4481c90365512,io,83df0ec1a5ac99c42f12515879edf1c2ad9d3fe0e4e6bb2ba0e10489667a9879,681052672.0,trial_causal_fixed_window,0.33553487062454224,3b24756951732524b824f7d57051b1b25475607ed4dc71ab136dd7475367f25d,97.41394629981369,0.20711123473043414,0.005818157175690342,0,471b01f254cbcaea7e8f67e98d78144aafd5eec06f80020147400307856925f6,111fd9a36fbb9577709c96ee0f66dc52b7e079942f91aa30ade6246a6f2917c8,m2,25858,0.18824374290688273,0.007637025550732313
