checkpoint_sha256,fit,lr,method,predictions_sha256,ridge_all_valid_absolute_delta,ridge_all_valid_n_bins,ridge_all_valid_r2,ridge_all_valid_reported_r2,ridge_all_valid_sse,ridge_all_valid_sst,ridge_legacy_absolute_delta,ridge_legacy_n_bins,ridge_legacy_r2,ridge_legacy_reported_r2,ridge_legacy_sse,ridge_legacy_sst,seed,task,zero_all_valid_absolute_delta,zero_all_valid_n_bins,zero_all_valid_r2,zero_all_valid_reported_r2,zero_all_valid_sse,zero_all_valid_sst,zero_legacy_absolute_delta,zero_legacy_n_bins,zero_legacy_r2,zero_legacy_reported_r2,zero_legacy_sse,zero_legacy_sst
a457ddb9c39c93c282c15e9a45d7ccd0721619ba02d2211c3a08aceac3d6b2f3,/home/xinyuan/Work_host/SSM/results/cross_session_iteration_b/official_20261003/adapt/small/m1/m1/none/seed0/lr0,0.0,none,1d39e0c21d1bd6040bfac17aa818940b1f0964ee9e1111dfc94e7087d6aadb04,2.34995412018435e-09,50591,0.7224897169724517,0.7224897146224976,29904.622974907194,107760.4139517186,5.6885408716844665e-08,31971,0.691372576094938,0.6913726329803467,27437.385899836256,88901.32170586489,0,m1,3.201724219081825e-08,50591,0.6923429094052427,0.6923428773880005,33153.255437672444,107760.4139517186,2.5021966054694644e-08,31971,0.6509792554498357,0.6509792804718018,31028.40549327465,88901.32170586489
f71c2cb83b9a80c76faa75778a0dd5e0dbd2d4d70c68ddbadd661a10e841a132,/home/xinyuan/Work_host/SSM/results/cross_session_iteration_b/official_20261003/adapt/small/m1/m1/io/seed0/lr0p0003,0.0003,io,d541e5331ae38b3032c85226b1c26caed67cb0ee25ce72213584cbb1e50f881b,1.4654677915615366e-08,50591,0.7277219442048488,0.7277219295501709,29340.796002454626,107760.4139517186,4.676997666930305e-08,31971,0.6967398652631044,0.696739912033081,26960.22679880869,88901.32170586489,0,m1,8.633978199057424e-09,50591,0.7215751495870422,0.721575140953064,30003.17713494567,107760.4139517186,5.82998638254395e-08,31971,0.6893756998712177,0.6893757581710815,27614.910835407998,88901.32170586489
b07cc7107c4bcd2bf1658eb283e4ee9f0c4129122ea365b10c294320c08ee903,/home/xinyuan/Work_host/SSM/results/cross_session_iteration_b/official_20261003/adapt/small/m1/m1/io/seed1/lr0p0003,0.0003,io,b768292a3be81f001eeeaddf895fac221b648ad841880ead33b5a60774617085,2.7780596822957193e-08,50591,0.7259770909596129,0.7259770631790161,29528.822110446243,107760.4139517186,5.691690041498276e-08,31971,0.6947604444678347,0.6947605013847351,27136.19992372024,88901.32170586489,1,m1,1.0802053473923934e-08,50591,0.7193806063396702,0.7193806171417236,30239.66202371742,107760.4139517186,3.294498673866997e-08,31971,0.68726464791744,0.6872646808624268,27802.586144288594,88901.32170586489
4247764c139db660ec18714049bdb495a926222e035e14d4ac1e27b2e867a0b4,/home/xinyuan/Work_host/SSM/results/cross_session_iteration_b/official_20261003/adapt/small/m1/m1/io/seed2/lr0p0003,0.0003,io,ab25382b88f7fa3a7a21e415404e46e228bd88ba6d278bf420580e78c6460165,3.4810423432674042e-09,50591,0.7272288168429017,0.7272288203239441,29393.935611108966,107760.4139517186,3.01794255141985e-08,31971,0.6962797339959895,0.696279764175415,27001.133076613394,88901.32170586489,2,m1,6.373274596960243e-08,50591,0.721319254084942,0.721319317817688,30030.752540180365,107760.4139517186,3.9208492008668827e-10,31971,0.6897107358826343,0.6897107362747192,27585.125691174006,88901.32170586489
e8f1d4e6e5a569686d131cbac36542b89da45f870e290456c60bbe9e1a49806e,/home/xinyuan/Work_host/SSM/results/cross_session_iteration_b/official_20261003/adapt/small/m1/m1/lora/seed0/lr0p0003,0.0003,lora,0daadeaabc2efe59062dafa36a07d08548845885ee9a22b4ecdaaf94db7f88f4,9.045791338202491e-09,50591,0.7238653807781222,0.7238653898239136,29756.38087374974,107760.4139517186,6.478134562115656e-08,31971,0.6920083113401754,0.692008376121521,27380.86819627965,88901.32170586489,0,m1,3.430829698114479e-08,50591,0.7253351554630821,0.7253351211547852,29597.997345282703,107760.4139517186,2.1455627274846734e-08,31971,0.6938216900805052,0.6938216686248779,27219.656429511007,88901.32170586489
a790ee8819341d70d62af36bf3e3035fb92ccc5d338c34e50fd4045ecad38e8e,/home/xinyuan/Work_host/SSM/results/cross_session_iteration_b/official_20261003/adapt/small/m1/m1/lora/seed1/lr0p0003,0.0003,lora,c844d882b85ea4b6054e99251f85eaea1d7277ecb4d143cfd9e4e17340762f07,3.299128281675223e-08,50591,0.7220212551058458,0.722021222114563,29955.104619573245,107760.4139517186,7.025103199165272e-08,31971,0.6897893441547908,0.6897894144058228,27578.13731188228,88901.32170586489,1,m1,3.4340360555162874e-09,50591,0.7223761643401644,0.7223761677742004,29916.859453567784,107760.4139517186,1.3177499091909795e-08,31971,0.690361725027457,0.690361738204956,27527.251895783098,88901.32170586489
2f296c2d8d04953fae03ac8912df8683af7139d0276581d2f7c533d3330f4fcb,/home/xinyuan/Work_host/SSM/results/cross_session_iteration_b/official_20261003/adapt/small/m1/m1/lora/seed2/lr0p0003,0.0003,lora,8e6f8684eb219ded5407824a8159f33d0de4acc3a58e4a10e0515109524594cd,6.8697878496948306e-09,50591,0.7201294967684695,0.7201294898986816,30158.961281105527,107760.4139517186,1.2953903505419362e-08,31971,0.6876659522849582,0.6876659393310547,27766.90965560989,88901.32170586489,2,m1,1.7415264563780397e-08,50591,0.7211203153240475,0.721120297908783,30052.190263405384,107760.4139517186,5.4186486520002575e-08,31971,0.6890298778356082,0.6890299320220947,27645.6548714487,88901.32170586489
3e652f80a59f2bde2ddcf8f1de39ab2247f0198d0277f5b194cdd1c71af0b29a,/home/xinyuan/Work_host/SSM/results/cross_session_iteration_b/official_20261003/adapt/small/m1/m1/affine_lora/seed0/lr0p0003,0.0003,affine_lora,fd56dd67221c8f746bc2a9960e95c5b402af9aa8a433e45b415be6ca1e50b502,4.1927682437048475e-09,50591,0.7236190992389334,0.7236191034317017,29782.920274361393,107760.4139517186,4.8023246490558336e-08,31971,0.6916478392066729,0.6916478872299194,27412.914645386154,88901.32170586489,0,m1,4.024223176912756e-09,50591,0.7250452081868208,0.7250452041625977,29629.2421837968,107760.4139517186,1.6114539480582835e-08,31971,0.6934881645228201,0.6934881806373596,27249.307292411904,88901.32170586489
f529af0e5b5d075fa4e620709ecf7b5000069c19cf66fcc53507692697f46cfb,/home/xinyuan/Work_host/SSM/results/cross_session_iteration_b/official_20261003/adapt/small/m1/m1/affine_lora/seed1/lr0p0003,0.0003,affine_lora,c0bad1ba3de6b9f76a9d6b3ff3d7bc1fd4e6fa6892109b527316f6e2713a5287,1.9992969613191747e-08,50591,0.7215578356131095,0.7215578556060791,30005.0428959438,107760.4139517186,6.506699623543e-10,31971,0.6891856783082229,0.6891856789588928,27631.804003510864,88901.32170586489,1,m1,4.5118396907462e-08,50591,0.7218152429484671,0.721815288066864,29977.304574931455,107760.4139517186,6.880964464883732e-09,31971,0.6897226503227099,0.6897226572036743,27584.066481703903,88901.32170586489
a0ffcb3e139564dc2af106cfbf076a1250528fe423d6d3f0423589419127dddf,/home/xinyuan/Work_host/SSM/results/cross_session_iteration_b/official_20261003/adapt/small/m1/m1/affine_lora/seed2/lr0p0003,0.0003,affine_lora,d6de0572efab292a455e1a422fd4197d003ac594f452daa1b3d585eef16164e0,1.6022789983693997e-08,50591,0.7195911843289251,0.7195912003517151,30216.970052426193,107760.4139517186,7.970788962197162e-08,31971,0.6870006717874717,0.6870007514953613,27826.05397114157,88901.32170586489,2,m1,2.043994118405834e-08,50591,0.7206451501205747,0.7206451296806335,30103.39426242707,107760.4139517186,1.7458366086131605e-08,31971,0.688536507314278,0.688536524772644,27689.516162885677,88901.32170586489
e1d4473ad0a98b93de3f45488d2fe43b8b3d9e66319895bb083eabf8c47025b7,/home/xinyuan/Work_host/SSM/results/cross_session_iteration_b/official_20261003/adapt/small/m1/m1/offset_original/seed0/lr0p001,0.001,offset_original,3eceb0730b4b6a501cdfaf10a729d80d81b42fdbfa27d3de2e157de117dc687e,4.074672543818991e-08,50591,0.7191779206027619,0.7191779613494873,30261.503522628765,107760.4139517186,6.618127490476411e-09,31971,0.684857838688269,0.6848578453063965,28016.554665855765,88901.32170586489,0,m1,7.63272645087909e-09,50591,0.7186193542513788,0.7186193466186523,30321.694863873312,107760.4139517186,2.570278412328264e-08,31971,0.6849660616385245,0.6849660873413086,28006.933502539145,88901.32170586489
950905f7a2492db5cd9674450da50cd8fdeaef9a8d6bb3c64db0ba33fdb6dd42,/home/xinyuan/Work_host/SSM/results/cross_session_iteration_b/official_20261003/adapt/small/m1/m1/offset_original/seed1/lr0p001,0.001,offset_original,aaad13e7f902d0c329297813cda467a7ae99aa49e1801d781825366eb7fa63ca,3.7592948087805667e-08,50591,0.7172497886839515,0.7172497510910034,30469.279816353293,107760.4139517186,3.968874295878777e-08,31971,0.6828581889947287,0.6828582286834717,28194.326166560226,88901.32170586489,1,m1,4.5365400325181326e-10,50591,0.7163872723347575,0.7163872718811035,30562.22493518256,107760.4139517186,4.2317992887674905e-08,31971,0.6825135523093875,0.6825135946273804,28224.964823395385,88901.32170586489
f5b6a60206e25d55aafdb2ad8e6caa3954b2b4ecd359afb5b57af66781229dc9,/home/xinyuan/Work_host/SSM/results/cross_session_iteration_b/official_20261003/adapt/small/m1/m1/offset_original/seed2/lr0p001,0.001,offset_original,7bb698f0379ee3381f36514815b5e2150401f025c34ee98b36c7be072de11fa2,1.8529149992119187e-08,50591,0.7176689690868587,0.7176689505577087,30424.108762615564,107760.4139517186,7.406462465553432e-08,31971,0.6831454490066644,0.6831455230712891,28168.788371825904,88901.32170586489,2,m1,2.776333452025881e-08,50591,0.7166495600814498,0.7166495323181152,30533.960699024545,107760.4139517186,1.0452789744874735e-08,31971,0.6827361688237614,0.6827361583709717,28205.173921033995,88901.32170586489
