method,n,profile,ridge_all_valid_mean,ridge_all_valid_population_sd,ridge_legacy_mean,ridge_legacy_population_sd,task,zero_all_valid_mean,zero_all_valid_population_sd,zero_legacy_mean,zero_legacy_population_sd
affine_lora,3,old,0.6410753173418083,0.002121450916838877,0.5972630411705837,0.002546725576800532,m1,0.6340678516288274,0.004149633484263977,0.5925216865675869,0.004939655716210382
io,3,old,0.6470242465763736,0.004709234225953615,0.6052600592268403,0.005628421860955142,m1,0.6425368588116921,0.007232245933282932,0.6025865713327825,0.008555400708162589
lora,3,old,0.6435921335902565,0.001554321743834081,0.6006526372292025,0.0019266006455152048,m1,0.6362404850455813,0.0036194931677988465,0.5955656319657221,0.004322624674810954
none,1,old,0.6606428872205447,0.0,0.620663507029686,0.0,m1,0.6707733424622576,0.0,0.6332165855318933,0.0
offset_original,3,old,0.6352624560894903,0.003967705020230488,0.5893976537606364,0.004760399156848211,m1,0.6282819789652673,0.00489185272871907,0.5842914796545976,0.005744995870631107
affine_lora,3,small,0.7215893730603226,0.0016445405819456812,0.6892780631007892,0.0018983224994618293,m1,0.7225018670852875,0.0018607735444401742,0.690582440719936,0.002110948747695948
io,3,small,0.7269759506691212,0.0007344313846935679,0.6959266812423096,0.0008457782831401675,m1,0.7207583366705514,0.0009797878258315145,0.6887836945570974,0.0010828017061700512
lora,3,small,0.7220053775508125,0.0015252095825295934,0.689821202593308,0.0017729037877984688,m1,0.7229438783757646,0.0017669076129531154,0.6910710976478568,0.0020195334912657247
none,1,small,0.7224897169724517,0.0,0.691372576094938,0.0,m1,0.6923429094052427,0.0,0.6509792554498357,0.0
offset_original,3,small,0.7180322261245241,0.0008280056081307096,0.6836204922298874,0.0008827605459264235,m1,0.7172187288891955,0.0009961633967075344,0.6834052609238911,0.0011073884236400431
affine_lora,3,wide,0.7298599140925354,0.00015273912677110708,0.7000201282184045,0.0001752225880814672,m1,0.732980942919442,0.0007930153242468579,0.7052079221645479,0.0008461057380880038
io,3,wide,0.7260920197386093,9.12765160379134e-05,0.6953758624916958,0.00012127748637144863,m1,0.7239333608017642,0.0013753917934753097,0.6954484324674627,0.0006113504141664444
lora,3,wide,0.729882039394811,0.000276563874607883,0.7000677552063784,0.0003258550402774786,m1,0.7332008260206613,0.0007906070520620139,0.7055296401873082,0.0008179185842479012
none,1,wide,0.710288007013743,0.0,0.6764316730995964,0.0,m1,0.6912308123408712,0.0,0.6503181816066612,0.0
offset_original,3,wide,0.7113883459155783,0.0020751963450022213,0.6784290907489781,0.0025948304483570084,m1,0.7135681875536379,0.002897982419659194,0.6817493515044789,0.0033707171709041095
affine_lora,3,old,0.3212667892659525,0.026133568315342796,-0.0951637195129263,0.09407310443906616,m2,0.31463082936176073,0.02897824659398035,-0.10321726533355495,0.1005603156147848
io,3,old,0.2984999402685374,0.000327236833606927,-0.12589980082635063,0.0014552723487615286,m2,0.29640569242998477,0.00027655916002924377,-0.11721443375007468,0.0037486786980549885
lora,3,old,0.3398271108066724,0.007433664582518406,-0.06101981024010624,0.0706162769607614,m2,0.33382152485308864,0.008852637059526183,-0.0625867880172164,0.07573040970476047
none,1,old,0.24389811871033285,0.0,-0.032601119471050266,0.0,m2,0.21652381462294257,0.0,-0.02685092895664809,0.0
offset_original,3,old,0.2686985850231156,0.0024446799081968154,-0.18280328865127457,0.025501004310035755,m2,0.2660386697781635,0.010805600243614044,-0.17150223002950696,0.024285425897631573
affine_lora,3,small,0.4293470016716672,0.010518293418653218,0.03174623451954802,0.023635266561182075,m2,0.39876328101940933,0.01124052293441982,-0.022039999386635256,0.028840606422552626
io,3,small,0.3940588352354116,0.002114238514501138,0.0022710765830502577,0.018206254138943057,m2,0.3662125512203179,0.0044888359023418645,-0.043319413521497076,0.02679229505686706
lora,3,small,0.40974830002105794,0.01511911697037141,0.06969607569502867,0.041839425431467146,m2,0.3866396141546404,0.014002114118206045,0.03200898862667741,0.05245294822158464
none,1,small,0.38174727404237985,0.0,-0.1729793753844846,0.0,m2,0.3696420250549587,0.0,-0.23154350357657516,0.0
offset_original,3,small,0.412489007109845,0.0004972336454175364,-0.12087126654612423,0.023242623053328613,m2,0.38988910577099034,0.0011726256415083953,-0.1634105549480643,0.02837392009189105
affine_lora,3,wide,0.4867265835238519,0.007692521044766565,-0.05029491686344204,0.0474001615724218,m2,0.47730500461778985,0.004845997095195563,-0.0714897686547374,0.045237383569593
io,3,wide,0.47356105710123053,0.0008865405621860618,-0.038645490984071294,0.005978152598974638,m2,0.46017608320936204,0.002136247506742402,-0.07198219859311705,0.012310447603540511
lora,3,wide,0.49243090572199316,0.008640613697583456,-0.01857827294598931,0.03530157624528016,m2,0.48641374340143023,0.01059480460910731,-0.039432478475294776,0.03754698797442739
none,1,wide,0.44788079086699595,0.0,-0.08647584801898578,0.0,m2,0.436734165995715,0.0,-0.04450076890720922,0.0
offset_original,3,wide,0.49458469725818316,0.0016178515261499361,-0.03777620012101246,0.014231027698043203,m2,0.4911879115812991,0.002023265717665737,-0.02951735330146832,0.015336881003883166
