best_checkpoint_sha256,best_prefix_val_r2,best_step,completed_steps,convergence_satisfied,final_budget,fit_seconds,initial_trainable_params,last_checkpoint_sha256,lr,method,normalizer,path,peak_cuda_allocated_mb,peak_trainable_params,seed,selection_admissible,target_data_sha256,task
a457ddb9c39c93c282c15e9a45d7ccd0721619ba02d2211c3a08aceac3d6b2f3,0.6685557961463928,0,0,True,0,4.91720161261037,0,9b30adadffb90d91db17cf244954244f6c79994987ff2618660d8328ccbe16f5,0.0,none,"{'x_mean': {'shape': [64], 'dtype': 'float32', 'sha256': 'e7fec0c26c9bd1c104034e25d4e65e85c036501dd694badcc834a80154ec6fa1'}, 'x_std': {'shape': [64], 'dtype': 'float32', 'sha256': '078efcee06284aeb03c5e11289360c4035c30d83c8875451ab6aea928bf08da1'}, 'y_mean': {'shape': [16], 'dtype': 'float32', 'sha256': '422a3f1625fc84b862b258f336783d0f0569646acffec54ecdb3eef0c8eec294'}, 'y_std': {'shape': [16], 'dtype': 'float32', 'sha256': '1a922140781f2bdce0b7288da64d4c6d7bce796f57af31991903de359205120c'}}",/home/xinyuan/Work_host/SSM/results/cross_session_iteration_b/official_20261003/adapt/small/m1/m1/none/seed0/lr0,566.8642578125,0,0,True,96e7f078c6acb89b802b6241a36b9c9e2d04df82c180a63354fd3f7e74357254,m1
f71c2cb83b9a80c76faa75778a0dd5e0dbd2d4d70c68ddbadd661a10e841a132,0.7390782833099365,100,2000,True,2000,116.84380801208317,10640,f92d0ee3a78fed2b7ed6a2e994e8a7afc0d8ba3073b7e38878b35670aba5bdd8,0.0003,io,"{'x_mean': {'shape': [64], 'dtype': 'float32', 'sha256': 'e7fec0c26c9bd1c104034e25d4e65e85c036501dd694badcc834a80154ec6fa1'}, 'x_std': {'shape': [64], 'dtype': 'float32', 'sha256': '078efcee06284aeb03c5e11289360c4035c30d83c8875451ab6aea928bf08da1'}, 'y_mean': {'shape': [16], 'dtype': 'float32', 'sha256': '422a3f1625fc84b862b258f336783d0f0569646acffec54ecdb3eef0c8eec294'}, 'y_std': {'shape': [16], 'dtype': 'float32', 'sha256': '1a922140781f2bdce0b7288da64d4c6d7bce796f57af31991903de359205120c'}}",/home/xinyuan/Work_host/SSM/results/cross_session_iteration_b/official_20261003/adapt/small/m1/m1/io/seed0/lr0p0003,566.8642578125,10640,0,True,96e7f078c6acb89b802b6241a36b9c9e2d04df82c180a63354fd3f7e74357254,m1
b07cc7107c4bcd2bf1658eb283e4ee9f0c4129122ea365b10c294320c08ee903,0.740983247756958,100,2000,True,2000,38.545940497890115,10640,81db5dec686f83b61a39fe6fbca7cce1feedab56a7c18d17a34391afd39224c0,0.0003,io,"{'x_mean': {'shape': [64], 'dtype': 'float32', 'sha256': 'e7fec0c26c9bd1c104034e25d4e65e85c036501dd694badcc834a80154ec6fa1'}, 'x_std': {'shape': [64], 'dtype': 'float32', 'sha256': '078efcee06284aeb03c5e11289360c4035c30d83c8875451ab6aea928bf08da1'}, 'y_mean': {'shape': [16], 'dtype': 'float32', 'sha256': '422a3f1625fc84b862b258f336783d0f0569646acffec54ecdb3eef0c8eec294'}, 'y_std': {'shape': [16], 'dtype': 'float32', 'sha256': '1a922140781f2bdce0b7288da64d4c6d7bce796f57af31991903de359205120c'}}",/home/xinyuan/Work_host/SSM/results/cross_session_iteration_b/official_20261003/adapt/small/m1/m1/io/seed1/lr0p0003,566.8642578125,10640,1,True,96e7f078c6acb89b802b6241a36b9c9e2d04df82c180a63354fd3f7e74357254,m1
4247764c139db660ec18714049bdb495a926222e035e14d4ac1e27b2e867a0b4,0.7419289350509644,100,2000,True,2000,38.643892959691584,10640,1c1386b57556c1a5e72081adc517f2f8af09f1a49f35ca559ad6258b7ffeb246,0.0003,io,"{'x_mean': {'shape': [64], 'dtype': 'float32', 'sha256': 'e7fec0c26c9bd1c104034e25d4e65e85c036501dd694badcc834a80154ec6fa1'}, 'x_std': {'shape': [64], 'dtype': 'float32', 'sha256': '078efcee06284aeb03c5e11289360c4035c30d83c8875451ab6aea928bf08da1'}, 'y_mean': {'shape': [16], 'dtype': 'float32', 'sha256': '422a3f1625fc84b862b258f336783d0f0569646acffec54ecdb3eef0c8eec294'}, 'y_std': {'shape': [16], 'dtype': 'float32', 'sha256': '1a922140781f2bdce0b7288da64d4c6d7bce796f57af31991903de359205120c'}}",/home/xinyuan/Work_host/SSM/results/cross_session_iteration_b/official_20261003/adapt/small/m1/m1/io/seed2/lr0p0003,566.8642578125,10640,2,True,96e7f078c6acb89b802b6241a36b9c9e2d04df82c180a63354fd3f7e74357254,m1
e8f1d4e6e5a569686d131cbac36542b89da45f870e290456c60bbe9e1a49806e,0.7365545034408569,100,2000,True,2000,40.035405511036515,10336,7782fcde8093d7f0ca2cd0a359112a8e2e699355f2ad1f7f71c9be02b1ce98a3,0.0003,lora,"{'x_mean': {'shape': [64], 'dtype': 'float32', 'sha256': 'e7fec0c26c9bd1c104034e25d4e65e85c036501dd694badcc834a80154ec6fa1'}, 'x_std': {'shape': [64], 'dtype': 'float32', 'sha256': '078efcee06284aeb03c5e11289360c4035c30d83c8875451ab6aea928bf08da1'}, 'y_mean': {'shape': [16], 'dtype': 'float32', 'sha256': '422a3f1625fc84b862b258f336783d0f0569646acffec54ecdb3eef0c8eec294'}, 'y_std': {'shape': [16], 'dtype': 'float32', 'sha256': '1a922140781f2bdce0b7288da64d4c6d7bce796f57af31991903de359205120c'}}",/home/xinyuan/Work_host/SSM/results/cross_session_iteration_b/official_20261003/adapt/small/m1/m1/lora/seed0/lr0p0003,566.9169921875,10336,0,True,96e7f078c6acb89b802b6241a36b9c9e2d04df82c180a63354fd3f7e74357254,m1
a790ee8819341d70d62af36bf3e3035fb92ccc5d338c34e50fd4045ecad38e8e,0.7414408922195435,100,2000,True,2000,41.10655766585842,10336,e85f4fcf25476e1eed323698d182bc5f0a728124d69116c98adb2dc3f6a14f95,0.0003,lora,"{'x_mean': {'shape': [64], 'dtype': 'float32', 'sha256': 'e7fec0c26c9bd1c104034e25d4e65e85c036501dd694badcc834a80154ec6fa1'}, 'x_std': {'shape': [64], 'dtype': 'float32', 'sha256': '078efcee06284aeb03c5e11289360c4035c30d83c8875451ab6aea928bf08da1'}, 'y_mean': {'shape': [16], 'dtype': 'float32', 'sha256': '422a3f1625fc84b862b258f336783d0f0569646acffec54ecdb3eef0c8eec294'}, 'y_std': {'shape': [16], 'dtype': 'float32', 'sha256': '1a922140781f2bdce0b7288da64d4c6d7bce796f57af31991903de359205120c'}}",/home/xinyuan/Work_host/SSM/results/cross_session_iteration_b/official_20261003/adapt/small/m1/m1/lora/seed1/lr0p0003,566.9169921875,10336,1,True,96e7f078c6acb89b802b6241a36b9c9e2d04df82c180a63354fd3f7e74357254,m1
2f296c2d8d04953fae03ac8912df8683af7139d0276581d2f7c533d3330f4fcb,0.7389379739761353,100,2000,True,2000,40.093096398282796,10336,1f82d682547699adabf40a49901de06c95c24dd695a7ae12ea96113a40448f70,0.0003,lora,"{'x_mean': {'shape': [64], 'dtype': 'float32', 'sha256': 'e7fec0c26c9bd1c104034e25d4e65e85c036501dd694badcc834a80154ec6fa1'}, 'x_std': {'shape': [64], 'dtype': 'float32', 'sha256': '078efcee06284aeb03c5e11289360c4035c30d83c8875451ab6aea928bf08da1'}, 'y_mean': {'shape': [16], 'dtype': 'float32', 'sha256': '422a3f1625fc84b862b258f336783d0f0569646acffec54ecdb3eef0c8eec294'}, 'y_std': {'shape': [16], 'dtype': 'float32', 'sha256': '1a922140781f2bdce0b7288da64d4c6d7bce796f57af31991903de359205120c'}}",/home/xinyuan/Work_host/SSM/results/cross_session_iteration_b/official_20261003/adapt/small/m1/m1/lora/seed2/lr0p0003,566.9169921875,10336,2,True,96e7f078c6acb89b802b6241a36b9c9e2d04df82c180a63354fd3f7e74357254,m1
3e652f80a59f2bde2ddcf8f1de39ab2247f0198d0277f5b194cdd1c71af0b29a,0.7368232011795044,100,2000,True,2000,39.91008774470538,10464,e5bec531179c14bf0fafbd2f4a5eccaeaa12ef782172aee61d4b3345ff8e3bbd,0.0003,affine_lora,"{'x_mean': {'shape': [64], 'dtype': 'float32', 'sha256': 'e7fec0c26c9bd1c104034e25d4e65e85c036501dd694badcc834a80154ec6fa1'}, 'x_std': {'shape': [64], 'dtype': 'float32', 'sha256': '078efcee06284aeb03c5e11289360c4035c30d83c8875451ab6aea928bf08da1'}, 'y_mean': {'shape': [16], 'dtype': 'float32', 'sha256': '422a3f1625fc84b862b258f336783d0f0569646acffec54ecdb3eef0c8eec294'}, 'y_std': {'shape': [16], 'dtype': 'float32', 'sha256': '1a922140781f2bdce0b7288da64d4c6d7bce796f57af31991903de359205120c'}}",/home/xinyuan/Work_host/SSM/results/cross_session_iteration_b/official_20261003/adapt/small/m1/m1/affine_lora/seed0/lr0p0003,574.91796875,10464,0,True,96e7f078c6acb89b802b6241a36b9c9e2d04df82c180a63354fd3f7e74357254,m1
f529af0e5b5d075fa4e620709ecf7b5000069c19cf66fcc53507692697f46cfb,0.7416637539863586,100,2000,True,2000,40.444167559966445,10464,504ce18f466a9b5d8cc1286ee71be4aa1314246ce6a7f6ae7ae8ea564c49ef5e,0.0003,affine_lora,"{'x_mean': {'shape': [64], 'dtype': 'float32', 'sha256': 'e7fec0c26c9bd1c104034e25d4e65e85c036501dd694badcc834a80154ec6fa1'}, 'x_std': {'shape': [64], 'dtype': 'float32', 'sha256': '078efcee06284aeb03c5e11289360c4035c30d83c8875451ab6aea928bf08da1'}, 'y_mean': {'shape': [16], 'dtype': 'float32', 'sha256': '422a3f1625fc84b862b258f336783d0f0569646acffec54ecdb3eef0c8eec294'}, 'y_std': {'shape': [16], 'dtype': 'float32', 'sha256': '1a922140781f2bdce0b7288da64d4c6d7bce796f57af31991903de359205120c'}}",/home/xinyuan/Work_host/SSM/results/cross_session_iteration_b/official_20261003/adapt/small/m1/m1/affine_lora/seed1/lr0p0003,574.91796875,10464,1,True,96e7f078c6acb89b802b6241a36b9c9e2d04df82c180a63354fd3f7e74357254,m1
a0ffcb3e139564dc2af106cfbf076a1250528fe423d6d3f0423589419127dddf,0.739165186882019,100,2000,True,2000,40.29514347715303,10464,0d6e864f0a882d8a5bdef6a0e5eaa63a8870719b3aeab850a8768fa59aa82b79,0.0003,affine_lora,"{'x_mean': {'shape': [64], 'dtype': 'float32', 'sha256': 'e7fec0c26c9bd1c104034e25d4e65e85c036501dd694badcc834a80154ec6fa1'}, 'x_std': {'shape': [64], 'dtype': 'float32', 'sha256': '078efcee06284aeb03c5e11289360c4035c30d83c8875451ab6aea928bf08da1'}, 'y_mean': {'shape': [16], 'dtype': 'float32', 'sha256': '422a3f1625fc84b862b258f336783d0f0569646acffec54ecdb3eef0c8eec294'}, 'y_std': {'shape': [16], 'dtype': 'float32', 'sha256': '1a922140781f2bdce0b7288da64d4c6d7bce796f57af31991903de359205120c'}}",/home/xinyuan/Work_host/SSM/results/cross_session_iteration_b/official_20261003/adapt/small/m1/m1/affine_lora/seed2/lr0p0003,574.91796875,10464,2,True,96e7f078c6acb89b802b6241a36b9c9e2d04df82c180a63354fd3f7e74357254,m1
e1d4473ad0a98b93de3f45488d2fe43b8b3d9e66319895bb083eabf8c47025b7,0.7502416372299194,500,2000,True,2000,39.784410131163895,2432,7e71f86e9162460bcc2d6d5922903bae7a866ee1ed332eaab390b82dee412888,0.001,offset_original,"{'x_mean': {'shape': [64], 'dtype': 'float32', 'sha256': 'e7fec0c26c9bd1c104034e25d4e65e85c036501dd694badcc834a80154ec6fa1'}, 'x_std': {'shape': [64], 'dtype': 'float32', 'sha256': '078efcee06284aeb03c5e11289360c4035c30d83c8875451ab6aea928bf08da1'}, 'y_mean': {'shape': [16], 'dtype': 'float32', 'sha256': '422a3f1625fc84b862b258f336783d0f0569646acffec54ecdb3eef0c8eec294'}, 'y_std': {'shape': [16], 'dtype': 'float32', 'sha256': '1a922140781f2bdce0b7288da64d4c6d7bce796f57af31991903de359205120c'}}",/home/xinyuan/Work_host/SSM/results/cross_session_iteration_b/official_20261003/adapt/small/m1/m1/offset_original/seed0/lr0p001,574.8740234375,2432,0,True,96e7f078c6acb89b802b6241a36b9c9e2d04df82c180a63354fd3f7e74357254,m1
950905f7a2492db5cd9674450da50cd8fdeaef9a8d6bb3c64db0ba33fdb6dd42,0.7505887746810913,500,2000,True,2000,39.7818563003093,2432,0ed1900cd0e5bdd851ebeeda05edeaabdbe49d593237e666a0045cd199aa2bff,0.001,offset_original,"{'x_mean': {'shape': [64], 'dtype': 'float32', 'sha256': 'e7fec0c26c9bd1c104034e25d4e65e85c036501dd694badcc834a80154ec6fa1'}, 'x_std': {'shape': [64], 'dtype': 'float32', 'sha256': '078efcee06284aeb03c5e11289360c4035c30d83c8875451ab6aea928bf08da1'}, 'y_mean': {'shape': [16], 'dtype': 'float32', 'sha256': '422a3f1625fc84b862b258f336783d0f0569646acffec54ecdb3eef0c8eec294'}, 'y_std': {'shape': [16], 'dtype': 'float32', 'sha256': '1a922140781f2bdce0b7288da64d4c6d7bce796f57af31991903de359205120c'}}",/home/xinyuan/Work_host/SSM/results/cross_session_iteration_b/official_20261003/adapt/small/m1/m1/offset_original/seed1/lr0p001,574.8740234375,2432,1,True,96e7f078c6acb89b802b6241a36b9c9e2d04df82c180a63354fd3f7e74357254,m1
f5b6a60206e25d55aafdb2ad8e6caa3954b2b4ecd359afb5b57af66781229dc9,0.7512674331665039,500,2000,True,2000,39.758470236789435,2432,513053408117e0b97f51d39df9fba5f99517b4c07278b2e1be6c791394c6d27f,0.001,offset_original,"{'x_mean': {'shape': [64], 'dtype': 'float32', 'sha256': 'e7fec0c26c9bd1c104034e25d4e65e85c036501dd694badcc834a80154ec6fa1'}, 'x_std': {'shape': [64], 'dtype': 'float32', 'sha256': '078efcee06284aeb03c5e11289360c4035c30d83c8875451ab6aea928bf08da1'}, 'y_mean': {'shape': [16], 'dtype': 'float32', 'sha256': '422a3f1625fc84b862b258f336783d0f0569646acffec54ecdb3eef0c8eec294'}, 'y_std': {'shape': [16], 'dtype': 'float32', 'sha256': '1a922140781f2bdce0b7288da64d4c6d7bce796f57af31991903de359205120c'}}",/home/xinyuan/Work_host/SSM/results/cross_session_iteration_b/official_20261003/adapt/small/m1/m1/offset_original/seed2/lr0p001,574.8740234375,2432,2,True,96e7f078c6acb89b802b6241a36b9c9e2d04df82c180a63354fd3f7e74357254,m1
