method,n,normalizer,policy,ridge_all_valid_r2_mean,ridge_all_valid_r2_population_sd,ridge_legacy_r2_mean,ridge_legacy_r2_population_sd,task,validation_split,zero_all_valid_r2_mean,zero_all_valid_r2_population_sd,zero_legacy_r2_mean,zero_legacy_r2_population_sd
affine,3,support,trial_causal_fixed_window,0.61744326346654,0.007126004707725546,0.5633142400528545,0.008808379411565091,m1,interleaved,0.6154141481128487,0.008107975615412578,0.5623062138097905,0.0101909745486608
affine_lora,3,support,trial_causal_fixed_window,0.6540957520167175,0.005125571090936794,0.6073540106744775,0.006203325496488632,m1,interleaved,0.6486374872990307,0.006186702154889375,0.6025121002435391,0.007112256755430918
full,3,support,trial_causal_fixed_window,0.6487380625201268,0.0007975721997625955,0.6014530161630119,0.0010431195399814594,m1,interleaved,0.6412066339516155,0.001599239769184985,0.5944485783283341,0.0016696335356559434
io,3,support,trial_causal_fixed_window,0.6633100249499387,0.0012946034523958346,0.6192313625585616,0.0015456587128611279,m1,interleaved,0.6580455383839051,0.0001704603232024172,0.6150724780343836,0.0005967777578829608
lora,3,support,trial_causal_fixed_window,0.6566113375938025,0.0047891938393372704,0.6105070703641703,0.005772735179417874,m1,interleaved,0.65099927768556,0.0058246018689058964,0.6054726401820294,0.006674109031004438
none,1,support,trial_causal_fixed_window,0.6727387526977453,0.0,0.6304715709960199,0.0,m1,interleaved,0.6735682418699778,0.0,0.6319512076913142,0.0
offset_original,3,support,trial_causal_fixed_window,0.6466735072975355,0.0015420426062403379,0.5987659371259615,0.001922448308953828,m1,interleaved,0.6418277210269651,0.001489766762401796,0.5943885700958317,0.002055440074390675
offset_rotated,3,support,trial_causal_fixed_window,0.6483031318516043,0.0009015069444368238,0.6009840292403217,0.001123921373600199,m1,interleaved,0.6438929550131248,0.0018146453063926917,0.5979093060871278,0.00221628292105109
affine,3,support,trial_causal_fixed_window,0.3073089116313452,0.0018632495482376354,-0.09016339859835669,0.002578955373616431,m2,interleaved,0.2996680351130797,0.0013060885168174412,-0.04673167226729199,0.001425835145377846
affine_lora,3,support,trial_causal_fixed_window,0.3311950341167364,0.02378731227256831,-0.016662709001169358,0.056822548074291275,m2,interleaved,0.32443264860033566,0.024951503370423036,-0.009565057386158241,0.052141496346943365
full,3,support,trial_causal_fixed_window,0.35189388660362614,0.0027095346026774787,-0.013949114567675336,0.0040359022702804335,m2,interleaved,0.3456279348699791,0.002798499313246851,-0.005657330443017712,0.004017066411028468
io,3,support,trial_causal_fixed_window,0.29123587452263877,0.0022068536102450554,-0.00458128901023569,0.0015707510939294272,m2,interleaved,0.27215410593053474,0.0022316588621072316,-0.007620140558930899,0.0011842656397965225
lora,3,support,trial_causal_fixed_window,0.3238034598751962,0.015512897696840115,-0.02917277495555311,0.016955899438770818,m2,interleaved,0.3190745333414749,0.016364162540125623,-0.021225506397962574,0.013278080135666935
none,1,support,trial_causal_fixed_window,0.2500762112729088,0.0,-0.02733651911688395,0.0,m2,interleaved,0.23379321546284737,0.0,-0.05936709567753273,0.0
offset_original,3,support,trial_causal_fixed_window,0.3479635045714855,0.010518797708960288,0.009463342586481552,0.006648684543973301,m2,interleaved,0.33349656983199233,0.012923786787371121,0.010025796497803293,0.011445047766053068
offset_rotated,3,support,trial_causal_fixed_window,0.3252517621462116,0.006992876362614963,0.001775611158558954,0.033841030579554184,m2,interleaved,0.3150518142707877,0.008757593132900922,0.0034115158188808836,0.03449992370372982
